frame_index,timestamp_seconds,frame_time_ms,fps
0,0.016721,16.721,59.81
1,0.033443,16.723,59.80
2,0.050412,16.969,58.93
3,0.066849,16.437,60.84
4,0.083537,16.688,59.92
5,0.100156,16.619,60.17
6,0.116688,16.532,60.49
7,0.133233,16.545,60.44
8,0.149555,16.322,61.27
9,0.166152,16.597,60.25
10,0.182780,16.629,60.14
11,0.199783,17.003,58.81
12,0.216309,16.526,60.51
13,0.233105,16.795,59.54
14,0.249435,16.330,61.24
15,0.266121,16.686,59.93
16,0.282695,16.574,60.34
17,0.299123,16.429,60.87
18,0.315939,16.815,59.47
19,0.332698,16.760,59.67
20,0.349438,16.739,59.74
21,0.366160,16.722,59.80
22,0.382764,16.604,60.23
23,0.399365,16.601,60.24
24,0.416180,16.815,59.47
25,0.432684,16.505,60.59
26,0.449281,16.596,60.25
27,0.465994,16.713,59.83
28,0.482618,16.625,60.15
29,0.499267,16.648,60.07
30,0.515931,16.664,60.01
31,0.532235,16.305,61.33
32,0.548976,16.741,59.73
33,0.565620,16.643,60.08
34,0.582247,16.628,60.14
35,0.598845,16.598,60.25
36,0.615591,16.746,59.72
37,0.632298,16.707,59.85
38,0.648910,16.611,60.20
39,0.665448,16.538,60.47
40,0.682053,16.605,60.22
41,0.698572,16.519,60.54
42,0.715278,16.707,59.86
43,0.732113,16.835,59.40
44,0.748556,16.443,60.82
45,0.765232,16.675,59.97
46,0.781728,16.497,60.62
47,0.798578,16.850,59.35
48,0.815197,16.619,60.17
49,0.831977,16.779,59.60
50,0.848802,16.825,59.43
51,0.865340,16.539,60.46
52,0.881901,16.560,60.39
53,0.898606,16.706,59.86
54,0.915149,16.542,60.45
55,0.931717,16.568,60.36
56,0.948264,16.547,60.43
57,0.964770,16.506,60.58
58,0.981137,16.367,61.10
59,0.997781,16.644,60.08
60,1.014395,16.613,60.19
61,1.030971,16.576,60.33
62,1.047735,16.764,59.65
63,1.064531,16.797,59.53
64,1.081231,16.699,59.88
65,1.097981,16.750,59.70
66,1.114815,16.835,59.40
67,1.131606,16.791,59.56
68,1.148104,16.497,60.62
69,1.164856,16.752,59.69
70,1.181878,17.022,58.75
71,1.198731,16.853,59.34
72,1.215323,16.592,60.27
73,1.232217,16.894,59.19
74,1.248688,16.471,60.71
75,1.265173,16.485,60.66
76,1.281734,16.561,60.38
77,1.298583,16.849,59.35
78,1.315253,16.670,59.99
79,1.331799,16.546,60.44
80,1.348207,16.408,60.95
81,1.364999,16.792,59.55
82,1.381683,16.684,59.94
83,1.398628,16.945,59.02
84,1.415377,16.749,59.70
85,1.432011,16.634,60.12
86,1.448527,16.516,60.55
87,1.465464,16.936,59.04
88,1.482132,16.669,59.99
89,1.498939,16.806,59.50
90,1.515846,16.907,59.15
91,1.532470,16.624,60.15
92,1.549053,16.583,60.30
93,1.565683,16.630,60.13
94,1.582183,16.500,60.61
95,1.598785,16.602,60.23
96,1.615281,16.496,60.62
97,1.632013,16.732,59.77
98,1.648564,16.551,60.42
99,1.665358,16.795,59.54
100,1.681877,16.518,60.54
101,1.698433,16.556,60.40
102,1.715246,16.813,59.48
103,1.732102,16.856,59.33
104,1.748686,16.584,60.30
105,1.765056,16.370,61.09
106,1.781649,16.593,60.27
107,1.798195,16.545,60.44
108,1.814769,16.574,60.33
109,1.831418,16.649,60.06
110,1.848605,17.187,58.18
111,1.865202,16.597,60.25
112,1.881815,16.613,60.19
113,1.898544,16.729,59.77
114,1.915250,16.706,59.86
115,1.931921,16.671,59.99
116,1.948489,16.568,60.36
117,1.965057,16.568,60.36
118,1.981446,16.389,61.02
119,1.998359,16.914,59.12
120,2.014994,16.635,60.11
121,2.032015,17.020,58.75
122,2.048479,16.465,60.74
123,2.065142,16.663,60.01
124,2.081861,16.718,59.81
125,2.098541,16.680,59.95
126,2.115585,17.044,58.67
127,2.132342,16.757,59.67
128,2.148824,16.482,60.67
129,2.165402,16.577,60.32
130,2.181900,16.498,60.61
131,2.198524,16.624,60.15
132,2.215322,16.798,59.53
133,2.231846,16.524,60.52
134,2.248592,16.746,59.72
135,2.265394,16.802,59.52
136,2.281889,16.495,60.62
137,2.298582,16.693,59.91
138,2.315112,16.530,60.50
139,2.331840,16.728,59.78
140,2.348348,16.508,60.58
141,2.365112,16.764,59.65
142,2.381500,16.388,61.02
143,2.398049,16.549,60.43
144,2.414549,16.501,60.60
145,2.431263,16.714,59.83
146,2.447668,16.405,60.96
147,2.464322,16.654,60.04
148,2.480827,16.505,60.59
149,2.497495,16.668,59.99
150,2.514253,16.758,59.67
151,2.530843,16.590,60.28
152,2.547398,16.555,60.40
153,2.563957,16.558,60.39
154,2.580723,16.766,59.64
155,2.597365,16.642,60.09
156,2.614330,16.965,58.94
157,2.630782,16.452,60.78
158,2.647535,16.753,59.69
159,2.664341,16.806,59.50
160,2.680826,16.486,60.66
161,2.697289,16.463,60.74
162,2.713946,16.657,60.04
163,2.731163,17.217,58.08
164,2.747995,16.832,59.41
165,2.764683,16.688,59.92
166,2.781540,16.858,59.32
167,2.798352,16.811,59.48
168,2.815183,16.831,59.41
169,2.831845,16.662,60.02
170,2.848441,16.596,60.26
171,2.865076,16.635,60.11
172,2.881684,16.608,60.21
173,2.898259,16.575,60.33
174,2.914843,16.584,60.30
175,2.931354,16.511,60.57
176,2.948061,16.707,59.86
177,2.964854,16.793,59.55
178,2.981589,16.735,59.76
179,2.998231,16.642,60.09
180,3.014542,16.310,61.31
181,3.031195,16.653,60.05
182,3.047957,16.763,59.66
183,3.064602,16.644,60.08
184,3.081205,16.604,60.23
185,3.097815,16.610,60.20
186,3.114399,16.584,60.30
187,3.130956,16.557,60.40
188,3.147475,16.519,60.53
189,3.164366,16.890,59.21
190,3.180784,16.418,60.91
191,3.197710,16.927,59.08
192,3.214352,16.642,60.09
193,3.230927,16.574,60.33
194,3.247820,16.894,59.19
195,3.264602,16.782,59.59
196,3.281364,16.762,59.66
197,3.297953,16.588,60.28
198,3.314646,16.694,59.90
199,3.331194,16.547,60.43
200,3.347973,16.780,59.60
201,3.364709,16.736,59.75
202,3.381326,16.616,60.18
203,3.397966,16.640,60.09
204,3.414578,16.612,60.20
205,3.431258,16.680,59.95
206,3.448205,16.947,59.01
207,3.464752,16.547,60.43
208,3.481483,16.731,59.77
209,3.498264,16.781,59.59
210,3.515283,17.019,58.76
211,3.531916,16.633,60.12
212,3.548632,16.716,59.82
213,3.565145,16.514,60.56
214,3.581863,16.718,59.82
215,3.598514,16.651,60.06
216,3.615147,16.634,60.12
217,3.631766,16.619,60.17
218,3.648399,16.632,60.12
219,3.665156,16.757,59.68
220,3.681468,16.312,61.30
221,3.698318,16.850,59.35
222,3.715110,16.792,59.55
223,3.731505,16.395,60.99
224,3.748305,16.800,59.52
225,3.764869,16.564,60.37
226,3.781300,16.431,60.86
227,3.797847,16.547,60.44
228,3.814815,16.968,58.93
229,3.831369,16.554,60.41
230,3.848141,16.772,59.62
231,3.864914,16.773,59.62
232,3.881630,16.716,59.82
233,3.898147,16.517,60.54
234,3.914717,16.570,60.35
235,3.931396,16.680,59.95
236,3.948267,16.870,59.28
237,3.964768,16.501,60.60
238,3.981525,16.757,59.68
239,3.998394,16.869,59.28
240,4.015283,16.889,59.21
241,4.031933,16.650,60.06
242,4.048525,16.592,60.27
243,4.065167,16.642,60.09
244,4.081595,16.428,60.87
245,4.098184,16.589,60.28
246,4.114504,16.320,61.28
247,4.131261,16.757,59.68
248,4.147994,16.734,59.76
249,4.164701,16.707,59.86
250,4.181533,16.832,59.41
251,4.197863,16.330,61.24
252,4.214173,16.310,61.31
253,4.230786,16.613,60.19
254,4.247322,16.537,60.47
255,4.263902,16.579,60.32
256,4.280618,16.717,59.82
257,4.297146,16.528,60.50
258,4.313754,16.608,60.21
259,4.330681,16.927,59.08
260,4.347035,16.354,61.15
261,4.363668,16.634,60.12
262,4.380352,16.684,59.94
263,4.397276,16.923,59.09
264,4.413931,16.656,60.04
265,4.430805,16.873,59.27
266,4.447573,16.768,59.64
267,4.464442,16.869,59.28
268,4.481125,16.683,59.94
269,4.498061,16.936,59.05
270,4.514481,16.420,60.90
271,4.530984,16.503,60.60
272,4.547508,16.524,60.52
273,4.564108,16.600,60.24
274,4.580783,16.675,59.97
275,4.597596,16.813,59.48
276,4.614292,16.697,59.89
277,4.630912,16.620,60.17
278,4.647526,16.614,60.19
279,4.664084,16.558,60.39
280,4.680663,16.580,60.32
281,4.696935,16.272,61.46
282,4.713733,16.798,59.53
283,4.730652,16.919,59.11
284,4.747425,16.773,59.62
285,4.764001,16.577,60.33
286,4.780708,16.706,59.86
287,4.797384,16.677,59.96
288,4.813933,16.549,60.43
289,4.830541,16.608,60.21
290,4.847323,16.782,59.59
291,4.864027,16.705,59.86
292,4.880666,16.639,60.10
293,4.897172,16.505,60.59
294,4.913829,16.657,60.03
295,4.930467,16.638,60.10
296,4.947133,16.666,60.00
297,4.963827,16.694,59.90
298,4.980629,16.802,59.52
299,4.997135,16.507,60.58
300,5.013656,16.520,60.53
301,5.030346,16.690,59.92
302,5.047086,16.740,59.74
303,5.063833,16.746,59.71
304,5.080457,16.624,60.15
305,5.097037,16.580,60.31
306,5.113576,16.539,60.46
307,5.130437,16.861,59.31
308,5.146858,16.421,60.90
309,5.163609,16.751,59.70
310,5.180119,16.510,60.57
311,5.196644,16.524,60.52
312,5.213057,16.413,60.93
313,5.229429,16.372,61.08
314,5.245937,16.508,60.58
315,5.262541,16.604,60.23
316,5.279061,16.521,60.53
317,5.295686,16.625,60.15
318,5.312446,16.759,59.67
319,5.329153,16.708,59.85
320,5.345909,16.756,59.68
321,5.362371,16.462,60.75
322,5.379037,16.666,60.00
323,5.395826,16.789,59.56
324,5.412580,16.754,59.69
325,5.429184,16.603,60.23
326,5.445959,16.776,59.61
327,5.462758,16.798,59.53
328,5.479485,16.727,59.78
329,5.496053,16.569,60.35
330,5.512523,16.469,60.72
331,5.529188,16.665,60.00
332,5.546033,16.845,59.37
333,5.562785,16.753,59.69
334,5.579410,16.625,60.15
335,5.596108,16.698,59.89
336,5.612658,16.549,60.43
337,5.629050,16.393,61.00
338,5.645759,16.709,59.85
339,5.662150,16.391,61.01
340,5.678684,16.534,60.48
341,5.695171,16.487,60.65
342,5.711696,16.525,60.52
343,5.728239,16.543,60.45
344,5.745020,16.781,59.59
345,5.761930,16.911,59.13
346,5.778204,16.274,61.45
347,5.795110,16.906,59.15
348,5.812019,16.909,59.14
349,5.828699,16.679,59.95
350,5.845564,16.865,59.29
351,5.862167,16.604,60.23
352,5.878981,16.813,59.48
353,5.895510,16.530,60.50
354,5.912226,16.716,59.82
355,5.928729,16.503,60.59
356,5.945459,16.730,59.77
357,5.962048,16.589,60.28
358,5.978566,16.518,60.54
359,5.995420,16.854,59.33
360,6.012234,16.814,59.47
361,6.028713,16.479,60.68
362,6.045328,16.616,60.18
363,6.061988,16.660,60.03
364,6.078551,16.563,60.37
365,6.095101,16.550,60.42
366,6.111684,16.583,60.30
367,6.128409,16.725,59.79
368,6.145046,16.637,60.11
369,6.161835,16.789,59.56
370,6.178465,16.630,60.13
371,6.194954,16.489,60.65
372,6.211595,16.641,60.09
373,6.228055,16.460,60.75
374,6.244644,16.589,60.28
375,6.261038,16.394,61.00
376,6.277494,16.456,60.77
377,6.294324,16.830,59.42
378,6.311202,16.879,59.25
379,6.327897,16.695,59.90
380,6.344542,16.645,60.08
381,6.361546,17.004,58.81
382,6.378108,16.562,60.38
383,6.394950,16.841,59.38
384,6.411605,16.655,60.04
385,6.428316,16.711,59.84
386,6.444913,16.597,60.25
387,6.461585,16.672,59.98
388,6.478213,16.628,60.14
389,6.495138,16.926,59.08
390,6.511571,16.433,60.85
391,6.528076,16.505,60.59
392,6.544585,16.509,60.57
393,6.561217,16.631,60.13
394,6.577687,16.470,60.72
395,6.594232,16.546,60.44
396,6.610812,16.579,60.32
397,6.627571,16.760,59.67
398,6.644029,16.457,60.76
399,6.660687,16.659,60.03
400,6.677143,16.456,60.77
401,6.693715,16.573,60.34
402,6.710079,16.364,61.11
403,6.726552,16.473,60.71
404,6.743089,16.538,60.47
405,6.759645,16.556,60.40
406,6.776581,16.935,59.05
407,6.793022,16.442,60.82
408,6.809502,16.479,60.68
409,6.826135,16.634,60.12
410,6.842651,16.516,60.55
411,6.858931,16.280,61.42
412,6.875321,16.389,61.02
413,6.891956,16.635,60.11
414,6.908506,16.549,60.42
415,6.925254,16.749,59.71
416,6.941788,16.534,60.48
417,6.958660,16.872,59.27
418,6.975446,16.786,59.57
419,6.992128,16.682,59.94
420,7.008934,16.807,59.50
421,7.025813,16.878,59.25
422,7.042429,16.616,60.18
423,7.059351,16.923,59.09
424,7.075961,16.609,60.21
425,7.092743,16.783,59.59
426,7.109296,16.553,60.41
427,7.126044,16.748,59.71
428,7.142437,16.393,61.00
429,7.159269,16.832,59.41
430,7.175969,16.700,59.88
431,7.192562,16.592,60.27
432,7.209071,16.509,60.57
433,7.225864,16.793,59.55
434,7.242549,16.685,59.94
435,7.259218,16.669,59.99
436,7.275763,16.546,60.44
437,7.292482,16.718,59.82
438,7.309318,16.836,59.40
439,7.325935,16.617,60.18
440,7.342576,16.642,60.09
441,7.359029,16.452,60.78
442,7.375830,16.801,59.52
443,7.392442,16.612,60.20
444,7.409196,16.754,59.69
445,7.425675,16.479,60.68
446,7.442458,16.783,59.58
447,7.459176,16.719,59.81
448,7.475713,16.537,60.47
449,7.492350,16.636,60.11
450,7.508980,16.630,60.13
451,7.525528,16.548,60.43
452,7.542107,16.578,60.32
453,7.558834,16.727,59.78
454,7.575608,16.775,59.61
455,7.592518,16.910,59.14
456,7.609373,16.855,59.33
457,7.625832,16.459,60.76
458,7.642142,16.310,61.31
459,7.658649,16.508,60.58
460,7.675418,16.768,59.64
461,7.691982,16.564,60.37
462,7.708922,16.940,59.03
463,7.725485,16.564,60.37
464,7.742170,16.684,59.94
465,7.758866,16.697,59.89
466,7.775416,16.550,60.42
467,7.792159,16.743,59.73
468,7.808873,16.714,59.83
469,7.825837,16.965,58.95
470,7.842417,16.580,60.31
471,7.859306,16.889,59.21
472,7.875980,16.674,59.97
473,7.892501,16.521,60.53
474,7.909401,16.899,59.17
475,7.926155,16.754,59.69
476,7.942782,16.628,60.14
477,7.959455,16.673,59.98
478,7.976091,16.635,60.11
479,7.992761,16.670,59.99
480,8.009499,16.738,59.74
481,8.026290,16.791,59.55
482,8.042821,16.531,60.49
483,8.059341,16.520,60.53
484,8.076071,16.730,59.77
485,8.092595,16.524,60.52
486,8.109427,16.832,59.41
487,8.125911,16.484,60.67
488,8.142630,16.720,59.81
489,8.159272,16.642,60.09
490,8.176021,16.748,59.71
491,8.192509,16.489,60.65
492,8.209293,16.784,59.58
493,8.226018,16.725,59.79
494,8.242728,16.710,59.84
495,8.259354,16.626,60.15
496,8.276003,16.649,60.07
497,8.292611,16.608,60.21
498,8.309275,16.665,60.01
499,8.325909,16.634,60.12
500,8.342546,16.637,60.11
501,8.359558,17.012,58.78
502,8.376182,16.624,60.15
503,8.392822,16.640,60.09
504,8.409415,16.593,60.27
505,8.426207,16.792,59.55
506,8.443051,16.844,59.37
507,8.459836,16.785,59.58
508,8.476534,16.697,59.89
509,8.493189,16.655,60.04
510,8.509807,16.618,60.18
511,8.526338,16.531,60.49
512,8.542812,16.474,60.70
513,8.559543,16.732,59.77
514,8.576242,16.699,59.88
515,8.592836,16.594,60.26
516,8.609445,16.609,60.21
517,8.626017,16.571,60.34
518,8.642571,16.554,60.41
519,8.659322,16.751,59.70
520,8.676078,16.756,59.68
521,8.693030,16.952,58.99
522,8.709959,16.929,59.07
523,8.726544,16.585,60.30
524,8.743313,16.770,59.63
525,8.759989,16.676,59.97
526,8.776764,16.775,59.61
527,8.793369,16.605,60.22
528,8.810124,16.755,59.68
529,8.826603,16.479,60.68
530,8.843364,16.761,59.66
531,8.859930,16.566,60.36
532,8.876794,16.864,59.30
533,8.893397,16.603,60.23
534,8.909984,16.587,60.29
535,8.926642,16.658,60.03
536,8.943370,16.728,59.78
537,8.960141,16.771,59.63
538,8.976576,16.435,60.85
539,8.993301,16.725,59.79
540,9.009720,16.419,60.91
541,9.026367,16.647,60.07
542,9.042843,16.476,60.70
543,9.059571,16.728,59.78
544,9.076389,16.819,59.46
545,9.093244,16.855,59.33
546,9.109951,16.707,59.86
547,9.126587,16.636,60.11
548,9.143164,16.577,60.33
549,9.160049,16.885,59.22
550,9.176913,16.864,59.30
551,9.193450,16.537,60.47
552,9.209988,16.538,60.47
553,9.226825,16.838,59.39
554,9.243340,16.515,60.55
555,9.260188,16.848,59.36
556,9.276831,16.643,60.09
557,9.293536,16.705,59.86
558,9.310349,16.812,59.48
559,9.327106,16.758,59.67
560,9.343559,16.453,60.78
561,9.360102,16.543,60.45
562,9.376683,16.580,60.31
563,9.393398,16.715,59.83
564,9.409840,16.442,60.82
565,9.426695,16.855,59.33
566,9.443535,16.840,59.38
567,9.460113,16.578,60.32
568,9.476635,16.522,60.53
569,9.493137,16.503,60.60
570,9.509784,16.647,60.07
571,9.526398,16.613,60.19
572,9.543011,16.614,60.19
573,9.559684,16.673,59.98
574,9.576184,16.500,60.61
575,9.592528,16.344,61.18
576,9.609026,16.497,60.62
577,9.625513,16.488,60.65
578,9.642221,16.708,59.85
579,9.658584,16.363,61.11
580,9.675240,16.657,60.04
581,9.692042,16.802,59.52
582,9.708740,16.698,59.89
583,9.725419,16.678,59.96
584,9.741788,16.369,61.09
585,9.758208,16.420,60.90
586,9.775242,17.034,58.71
587,9.791952,16.710,59.84
588,9.808847,16.894,59.19
589,9.825627,16.781,59.59
590,9.842303,16.676,59.97
591,9.858949,16.646,60.07
592,9.875678,16.729,59.78
593,9.892128,16.450,60.79
594,9.908601,16.473,60.71
595,9.925037,16.436,60.84
596,9.941732,16.695,59.90
597,9.958498,16.767,59.64
598,9.975380,16.882,59.23
599,9.991811,16.430,60.86
600,10.008393,16.583,60.30
601,10.025112,16.719,59.81
602,10.041792,16.680,59.95
603,10.058548,16.756,59.68
604,10.075483,16.936,59.05
605,10.092048,16.565,60.37
606,10.108719,16.671,59.99
607,10.125602,16.883,59.23
608,10.142295,16.694,59.90
609,10.159247,16.952,58.99
610,10.175971,16.724,59.79
611,10.192722,16.751,59.70
612,10.209212,16.490,60.64
613,10.226007,16.795,59.54
614,10.242576,16.569,60.35
615,10.259187,16.611,60.20
616,10.275769,16.581,60.31
617,10.292418,16.650,60.06
618,10.309045,16.627,60.14
619,10.325731,16.686,59.93
620,10.342681,16.950,59.00
621,10.359526,16.845,59.37
622,10.376500,16.974,58.91
623,10.393334,16.835,59.40
624,10.409620,16.286,61.40
625,10.426237,16.616,60.18
626,10.443102,16.865,59.29
627,10.459743,16.641,60.09
628,10.476662,16.919,59.11
629,10.493278,16.617,60.18
630,10.509818,16.539,60.46
631,10.526389,16.571,60.35
632,10.542925,16.537,60.47
633,10.559574,16.648,60.07
634,10.576339,16.765,59.65
635,10.593032,16.693,59.91
636,10.609550,16.519,60.54
637,10.626297,16.746,59.71
638,10.642780,16.484,60.67
639,10.659382,16.602,60.24
640,10.676232,16.850,59.35
641,10.692917,16.685,59.93
642,10.709595,16.678,59.96
643,10.726245,16.650,60.06
644,10.742919,16.674,59.97
645,10.759661,16.741,59.73
646,10.776435,16.774,59.62
647,10.793244,16.809,59.49
648,10.810106,16.862,59.31
649,10.827008,16.902,59.16
650,10.843649,16.641,60.09
651,10.860263,16.614,60.19
652,10.877103,16.840,59.38
653,10.893687,16.584,60.30
654,10.910367,16.680,59.95
655,10.927067,16.701,59.88
656,10.944048,16.981,58.89
657,10.960855,16.806,59.50
658,10.977486,16.631,60.13
659,10.994230,16.744,59.72
660,11.010565,16.336,61.22
661,11.027230,16.665,60.01
662,11.043964,16.734,59.76
663,11.060589,16.625,60.15
664,11.077156,16.567,60.36
665,11.093503,16.347,61.17
666,11.110131,16.627,60.14
667,11.127131,17.000,58.82
668,11.143952,16.821,59.45
669,11.160629,16.677,59.96
670,11.177421,16.792,59.55
671,11.194370,16.949,59.00
672,11.210957,16.586,60.29
673,11.227709,16.753,59.69
674,11.244302,16.592,60.27
675,11.261101,16.800,59.52
676,11.277817,16.715,59.83
677,11.294623,16.806,59.50
678,11.311224,16.601,60.24
679,11.327858,16.634,60.12
680,11.344475,16.618,60.18
681,11.361161,16.685,59.93
682,11.377860,16.699,59.88
683,11.394520,16.660,60.02
684,11.411317,16.797,59.53
685,11.427842,16.525,60.51
686,11.444548,16.706,59.86
687,11.461424,16.876,59.26
688,11.477908,16.484,60.66
689,11.494485,16.577,60.33
690,11.511138,16.653,60.05
691,11.527858,16.721,59.81
692,11.544593,16.734,59.76
693,11.561212,16.619,60.17
694,11.577884,16.672,59.98
695,11.594518,16.634,60.12
696,11.611164,16.646,60.08
697,11.627875,16.712,59.84
698,11.644696,16.821,59.45
699,11.661203,16.506,60.58
700,11.677838,16.636,60.11
701,11.694640,16.801,59.52
702,11.711437,16.797,59.53
703,11.728074,16.637,60.11
704,11.744711,16.637,60.11
705,11.761320,16.608,60.21
706,11.778111,16.792,59.55
707,11.794713,16.602,60.23
708,11.811484,16.770,59.63
709,11.828076,16.592,60.27
710,11.844857,16.781,59.59
711,11.861337,16.480,60.68
712,11.877940,16.602,60.23
713,11.894680,16.741,59.74
714,11.911555,16.875,59.26
715,11.928358,16.803,59.51
716,11.944823,16.465,60.74
717,11.961379,16.556,60.40
718,11.978228,16.849,59.35
719,11.994713,16.485,60.66
720,12.011504,16.792,59.55
721,12.028238,16.734,59.76
722,12.044896,16.658,60.03
723,12.061491,16.596,60.26
724,12.078201,16.710,59.85
725,12.094884,16.683,59.94
726,12.111536,16.651,60.05
727,12.128039,16.504,60.59
728,12.144758,16.718,59.81
729,12.161478,16.720,59.81
730,12.178061,16.582,60.30
731,12.194523,16.463,60.74
732,12.211293,16.770,59.63
733,12.228056,16.763,59.66
734,12.244761,16.705,59.86
735,12.261372,16.611,60.20
736,12.277615,16.242,61.57
737,12.294445,16.830,59.42
738,12.311020,16.575,60.33
739,12.327785,16.765,59.65
740,12.344456,16.671,59.98
741,12.361138,16.681,59.95
742,12.377758,16.620,60.17
743,12.394371,16.613,60.19
744,12.411140,16.769,59.63
745,12.427744,16.605,60.22
746,12.444427,16.683,59.94
747,12.461076,16.649,60.06
748,12.478086,17.010,58.79
749,12.494450,16.364,61.11
750,12.511074,16.624,60.15
751,12.527628,16.554,60.41
752,12.544626,16.997,58.83
753,12.561422,16.796,59.54
754,12.578135,16.713,59.83
755,12.594748,16.613,60.19
756,12.611484,16.736,59.75
757,12.628384,16.900,59.17
758,12.645073,16.689,59.92
759,12.661747,16.674,59.97
760,12.678347,16.600,60.24
761,12.695101,16.754,59.69
762,12.711774,16.673,59.98
763,12.728338,16.564,60.37
764,12.745120,16.782,59.59
765,12.761835,16.716,59.82
766,12.778847,17.011,58.78
767,12.795644,16.797,59.53
768,12.812010,16.366,61.10
769,12.828519,16.509,60.57
770,12.845372,16.852,59.34
771,12.861953,16.581,60.31
772,12.878640,16.688,59.92
773,12.895308,16.667,60.00
774,12.912114,16.806,59.50
775,12.928846,16.732,59.77
776,12.945714,16.869,59.28
777,12.962367,16.653,60.05
778,12.979103,16.736,59.75
779,12.995875,16.772,59.62
780,13.012620,16.744,59.72
781,13.029472,16.853,59.34
782,13.046395,16.923,59.09
783,13.062925,16.530,60.50
784,13.079552,16.627,60.14
785,13.096227,16.675,59.97
786,13.112710,16.483,60.67
787,13.129340,16.630,60.13
788,13.145690,16.350,61.16
789,13.162217,16.527,60.51
790,13.179003,16.786,59.57
791,13.195662,16.659,60.03
792,13.212345,16.684,59.94
793,13.229030,16.684,59.94
794,13.245846,16.816,59.47
795,13.262533,16.688,59.92
796,13.279438,16.904,59.16
797,13.296111,16.673,59.98
798,13.312816,16.705,59.86
799,13.329334,16.518,60.54
800,13.346027,16.694,59.90
801,13.362511,16.483,60.67
802,13.379098,16.587,60.29
803,13.395705,16.607,60.22
804,13.412162,16.458,60.76
805,13.428769,16.606,60.22
806,13.445211,16.442,60.82
807,13.461649,16.439,60.83
808,13.478100,16.450,60.79
809,13.494913,16.813,59.48
810,13.511486,16.573,60.34
811,13.527973,16.487,60.65
812,13.544751,16.778,59.60
813,13.561476,16.725,59.79
814,13.578004,16.528,60.51
815,13.594927,16.923,59.09
816,13.611274,16.348,61.17
817,13.628185,16.911,59.13
818,13.644912,16.727,59.78
819,13.661395,16.483,60.67
820,13.678130,16.736,59.75
821,13.694460,16.330,61.24
822,13.710867,16.406,60.95
823,13.727891,17.025,58.74
824,13.744574,16.682,59.94
825,13.760885,16.312,61.31
826,13.777615,16.730,59.77
827,13.794422,16.807,59.50
828,13.811157,16.736,59.75
829,13.828080,16.922,59.09
830,13.844643,16.563,60.38
831,13.861292,16.649,60.06
832,13.877887,16.595,60.26
833,13.894534,16.647,60.07
834,13.911076,16.542,60.45
835,13.927657,16.582,60.31
836,13.944083,16.426,60.88
837,13.960672,16.589,60.28
838,13.977497,16.825,59.44
839,13.994405,16.908,59.14
840,14.011240,16.835,59.40
841,14.027969,16.728,59.78
842,14.045027,17.059,58.62
843,14.061616,16.589,60.28
844,14.078245,16.628,60.14
845,14.094585,16.340,61.20
846,14.111185,16.600,60.24
847,14.127755,16.570,60.35
848,14.144591,16.836,59.40
849,14.161481,16.890,59.21
850,14.178019,16.538,60.47
851,14.194549,16.530,60.50
852,14.211346,16.797,59.53
853,14.228081,16.734,59.76
854,14.244588,16.507,60.58
855,14.261321,16.734,59.76
856,14.277685,16.363,61.11
857,14.294293,16.608,60.21
858,14.311087,16.794,59.54
859,14.327832,16.744,59.72
860,14.344495,16.663,60.01
861,14.361046,16.551,60.42
862,14.377736,16.690,59.91
863,14.394495,16.758,59.67
864,14.411209,16.715,59.83
865,14.427657,16.448,60.80
866,14.444505,16.848,59.35
867,14.461031,16.525,60.51
868,14.477665,16.634,60.12
869,14.494408,16.743,59.73
870,14.510968,16.560,60.39
871,14.527436,16.468,60.73
872,14.543917,16.481,60.68
873,14.560561,16.644,60.08
874,14.577294,16.733,59.76
875,14.593999,16.705,59.86
876,14.610659,16.661,60.02
877,14.627407,16.748,59.71
878,14.644080,16.672,59.98
879,14.660395,16.315,61.29
880,14.677130,16.735,59.75
881,14.693565,16.435,60.84
882,14.710416,16.851,59.34
883,14.726843,16.427,60.87
884,14.743531,16.688,59.92
885,14.760159,16.628,60.14
886,14.776882,16.723,59.80
887,14.793494,16.613,60.19
888,14.810205,16.711,59.84
889,14.826659,16.454,60.78
890,14.843231,16.572,60.34
891,14.859765,16.534,60.48
892,14.876797,17.032,58.71
893,14.893733,16.936,59.05
894,14.910233,16.500,60.61
895,14.926975,16.742,59.73
896,14.943796,16.821,59.45
897,14.960310,16.514,60.55
898,14.977136,16.826,59.43
899,14.993933,16.797,59.53
900,15.010506,16.572,60.34
901,15.027254,16.749,59.71
902,15.044142,16.888,59.21
903,15.060861,16.719,59.81
904,15.077656,16.795,59.54
905,15.094327,16.671,59.98
906,15.111000,16.672,59.98
907,15.127820,16.820,59.45
908,15.144529,16.709,59.85
909,15.161053,16.525,60.51
910,15.177828,16.775,59.61
911,15.194308,16.480,60.68
912,15.210923,16.615,60.19
913,15.227695,16.772,59.62
914,15.244391,16.697,59.89
915,15.261030,16.639,60.10
916,15.277969,16.939,59.04
917,15.294573,16.604,60.23
918,15.311243,16.671,59.99
919,15.327884,16.641,60.09
920,15.344412,16.528,60.50
921,15.360946,16.534,60.48
922,15.377579,16.633,60.12
923,15.394666,17.086,58.53
924,15.411465,16.799,59.53
925,15.428029,16.564,60.37
926,15.444720,16.691,59.91
927,15.461449,16.730,59.77
928,15.477945,16.495,60.62
929,15.494784,16.839,59.38
930,15.511370,16.586,60.29
931,15.527892,16.522,60.52
932,15.544573,16.681,59.95
933,15.561235,16.661,60.02
934,15.577985,16.751,59.70
935,15.594524,16.539,60.46
936,15.611352,16.828,59.42
937,15.627964,16.611,60.20
938,15.644838,16.875,59.26
939,15.661643,16.804,59.51
940,15.678483,16.841,59.38
941,15.695185,16.702,59.87
942,15.711957,16.772,59.62
943,15.728610,16.653,60.05
944,15.745255,16.645,60.08
945,15.762016,16.761,59.66
946,15.778542,16.526,60.51
947,15.795245,16.703,59.87
948,15.812044,16.799,59.53
949,15.828602,16.558,60.39
950,15.845255,16.653,60.05
951,15.861865,16.610,60.21
952,15.878657,16.792,59.55
953,15.895151,16.494,60.63
954,15.911391,16.240,61.58
955,15.927990,16.599,60.25
956,15.944834,16.844,59.37
957,15.961834,16.999,58.83
958,15.978327,16.493,60.63
959,15.994816,16.489,60.65
960,16.011557,16.741,59.73
961,16.028271,16.714,59.83
962,16.044952,16.681,59.95
963,16.061421,16.469,60.72
964,16.078068,16.646,60.07
965,16.094627,16.559,60.39
966,16.111441,16.814,59.47
967,16.127968,16.527,60.51
968,16.144878,16.910,59.14
969,16.161350,16.472,60.71
970,16.178007,16.657,60.04
971,16.194752,16.745,59.72
972,16.211126,16.374,61.07
973,16.227735,16.609,60.21
974,16.244532,16.797,59.54
975,16.260996,16.464,60.74
976,16.277605,16.609,60.21
977,16.294360,16.755,59.68
978,16.310965,16.605,60.22
979,16.327566,16.601,60.24
980,16.344007,16.441,60.82
981,16.360688,16.681,59.95
982,16.376929,16.241,61.57
983,16.393688,16.759,59.67
984,16.410395,16.707,59.85
985,16.427290,16.894,59.19
986,16.443930,16.640,60.10
987,16.460802,16.872,59.27
988,16.477139,16.337,61.21
989,16.493902,16.763,59.65
990,16.510970,17.068,58.59
991,16.527435,16.464,60.74
992,16.544034,16.599,60.24
993,16.560966,16.932,59.06
994,16.577571,16.605,60.22
995,16.594054,16.483,60.67
996,16.610926,16.872,59.27
997,16.627742,16.816,59.47
998,16.644407,16.665,60.01
999,16.661228,16.821,59.45
1000,16.677875,16.646,60.07
1001,16.694340,16.466,60.73
1002,16.711183,16.843,59.37
1003,16.727961,16.777,59.60
1004,16.744729,16.768,59.64
1005,16.761617,16.888,59.21
1006,16.778387,16.770,59.63
1007,16.795108,16.722,59.80
1008,16.811667,16.559,60.39
1009,16.828303,16.636,60.11
1010,16.844936,16.633,60.12
1011,16.861635,16.699,59.88
1012,16.878377,16.741,59.73
1013,16.895164,16.787,59.57
1014,16.911832,16.668,60.00
1015,16.928411,16.579,60.32
1016,16.945332,16.920,59.10
1017,16.962031,16.700,59.88
1018,16.978762,16.731,59.77
1019,16.995360,16.597,60.25
1020,17.011992,16.633,60.12
1021,17.028873,16.881,59.24
1022,17.045731,16.858,59.32
1023,17.062091,16.360,61.13
1024,17.078788,16.697,59.89
1025,17.095453,16.666,60.00
1026,17.112310,16.856,59.32
1027,17.128964,16.655,60.04
1028,17.145371,16.407,60.95
1029,17.162122,16.751,59.70
1030,17.178696,16.574,60.33
1031,17.195204,16.508,60.58
1032,17.211794,16.590,60.28
1033,17.228796,17.002,58.82
1034,17.245283,16.487,60.65
1035,17.262269,16.986,58.87
1036,17.278829,16.560,60.39
1037,17.295704,16.875,59.26
1038,17.312402,16.698,59.89
1039,17.329237,16.836,59.40
1040,17.345877,16.640,60.10
1041,17.362463,16.586,60.29
1042,17.379409,16.946,59.01
1043,17.396058,16.649,60.06
1044,17.412571,16.513,60.56
1045,17.429323,16.752,59.69
1046,17.445904,16.580,60.31
1047,17.462561,16.657,60.03
1048,17.479225,16.664,60.01
1049,17.496081,16.855,59.33
1050,17.512696,16.616,60.18
1051,17.529288,16.592,60.27
1052,17.545814,16.526,60.51
1053,17.562482,16.668,60.00
1054,17.579244,16.762,59.66
1055,17.595943,16.699,59.88
1056,17.612521,16.577,60.32
1057,17.629212,16.692,59.91
1058,17.646067,16.854,59.33
1059,17.662580,16.514,60.56
1060,17.679304,16.724,59.79
1061,17.695823,16.519,60.54
1062,17.712397,16.574,60.33
1063,17.729061,16.664,60.01
1064,17.745754,16.693,59.90
1065,17.762337,16.582,60.31
1066,17.779020,16.684,59.94
1067,17.795517,16.497,60.62
1068,17.812289,16.772,59.62
1069,17.829065,16.775,59.61
1070,17.845709,16.644,60.08
1071,17.862570,16.861,59.31
1072,17.879253,16.684,59.94
1073,17.895820,16.567,60.36
1074,17.912393,16.573,60.34
1075,17.929072,16.679,59.96
1076,17.945748,16.676,59.97
1077,17.962036,16.288,61.40
1078,17.978950,16.915,59.12
1079,17.996009,17.059,58.62
1080,18.012724,16.715,59.83
1081,18.029496,16.771,59.63
1082,18.046146,16.650,60.06
1083,18.062817,16.671,59.99
1084,18.079867,17.051,58.65
1085,18.096655,16.788,59.57
1086,18.113407,16.752,59.70
1087,18.130365,16.958,58.97
1088,18.146965,16.600,60.24
1089,18.163555,16.590,60.28
1090,18.180091,16.536,60.47
1091,18.196537,16.446,60.81
1092,18.213337,16.800,59.52
1093,18.229925,16.588,60.28
1094,18.246527,16.603,60.23
1095,18.263136,16.608,60.21
1096,18.279512,16.376,61.06
1097,18.296325,16.813,59.48
1098,18.312833,16.508,60.58
1099,18.329407,16.574,60.34
1100,18.346344,16.937,59.04
1101,18.363084,16.740,59.74
1102,18.379563,16.479,60.68
1103,18.396255,16.692,59.91
1104,18.412754,16.499,60.61
1105,18.429414,16.659,60.03
1106,18.446274,16.860,59.31
1107,18.462946,16.672,59.98
1108,18.479807,16.861,59.31
1109,18.496712,16.905,59.15
1110,18.513585,16.873,59.27
1111,18.530201,16.615,60.19
1112,18.546756,16.555,60.40
1113,18.563567,16.811,59.49
1114,18.580112,16.545,60.44
1115,18.596659,16.547,60.43
1116,18.613402,16.743,59.73
1117,18.629949,16.547,60.43
1118,18.646726,16.777,59.60
1119,18.663324,16.597,60.25
1120,18.679854,16.530,60.50
1121,18.696578,16.724,59.79
1122,18.713298,16.720,59.81
1123,18.729911,16.613,60.19
1124,18.746641,16.730,59.77
1125,18.763386,16.745,59.72
1126,18.779923,16.537,60.47
1127,18.796633,16.710,59.84
1128,18.813139,16.506,60.58
1129,18.829620,16.482,60.67
1130,18.846336,16.716,59.82
1131,18.862937,16.601,60.24
1132,18.879552,16.615,60.19
1133,18.896348,16.795,59.54
1134,18.913078,16.730,59.77
1135,18.929644,16.567,60.36
1136,18.946461,16.816,59.47
1137,18.963268,16.808,59.50
1138,18.979912,16.644,60.08
1139,18.996390,16.478,60.69
1140,19.012691,16.300,61.35
1141,19.029433,16.742,59.73
1142,19.046339,16.907,59.15
1143,19.062909,16.570,60.35
1144,19.079573,16.664,60.01
1145,19.096217,16.643,60.08
1146,19.112784,16.567,60.36
1147,19.129313,16.529,60.50
1148,19.145908,16.595,60.26
1149,19.162326,16.418,60.91
1150,19.179278,16.953,58.99
1151,19.195830,16.551,60.42
1152,19.212507,16.678,59.96
1153,19.229127,16.619,60.17
1154,19.246089,16.962,58.96
1155,19.262709,16.620,60.17
1156,19.279383,16.674,59.97
1157,19.296290,16.907,59.15
1158,19.312916,16.626,60.15
1159,19.329723,16.807,59.50
1160,19.346364,16.641,60.09
1161,19.363319,16.955,58.98
1162,19.380085,16.766,59.64
1163,19.396708,16.622,60.16
1164,19.413230,16.522,60.52
1165,19.429829,16.599,60.24
1166,19.446541,16.713,59.84
1167,19.463253,16.712,59.84
1168,19.479895,16.642,60.09
1169,19.496504,16.609,60.21
1170,19.513068,16.564,60.37
1171,19.529613,16.545,60.44
1172,19.546316,16.704,59.87
1173,19.562985,16.668,59.99
1174,19.579621,16.636,60.11
1175,19.596376,16.755,59.68
1176,19.612745,16.369,61.09
1177,19.629497,16.752,59.69
1178,19.646170,16.673,59.98
1179,19.662668,16.498,60.61
1180,19.679634,16.965,58.94
1181,19.696397,16.764,59.65
1182,19.712961,16.564,60.37
1183,19.729552,16.591,60.27
1184,19.746124,16.572,60.34
1185,19.762704,16.581,60.31
1186,19.779096,16.392,61.01
1187,19.795819,16.723,59.80
1188,19.812709,16.890,59.21
1189,19.829484,16.775,59.61
1190,19.846100,16.616,60.18
1191,19.862894,16.794,59.55
1192,19.879393,16.500,60.61
1193,19.896478,17.084,58.53
1194,19.913128,16.650,60.06
1195,19.929839,16.711,59.84
1196,19.946378,16.539,60.46
1197,19.962916,16.538,60.47
1198,19.979518,16.602,60.23
1199,19.996068,16.550,60.42
1200,20.012488,16.421,60.90
1201,20.029359,16.870,59.28
1202,20.045803,16.444,60.81
1203,20.062606,16.803,59.51
1204,20.079388,16.781,59.59
1205,20.095996,16.609,60.21
1206,20.112470,16.474,60.70
1207,20.129365,16.895,59.19
1208,20.146032,16.666,60.00
1209,20.162715,16.683,59.94
1210,20.179450,16.735,59.75
1211,20.196238,16.788,59.57
1212,20.213015,16.777,59.61
1213,20.229814,16.799,59.53
1214,20.246566,16.752,59.69
1215,20.263055,16.489,60.65
1216,20.280065,17.011,58.79
1217,20.296802,16.736,59.75
1218,20.313172,16.370,61.09
1219,20.329795,16.623,60.16
1220,20.346405,16.610,60.20
1221,20.362973,16.568,60.36
1222,20.379384,16.411,60.93
1223,20.396279,16.895,59.19
1224,20.412949,16.670,59.99
1225,20.429753,16.804,59.51
1226,20.446412,16.659,60.03
1227,20.463006,16.594,60.26
1228,20.479400,16.395,61.00
1229,20.495903,16.503,60.60
1230,20.512483,16.580,60.31
1231,20.528994,16.511,60.56
1232,20.545577,16.582,60.30
1233,20.562182,16.606,60.22
1234,20.578707,16.525,60.51
1235,20.595385,16.678,59.96
1236,20.612183,16.797,59.53
1237,20.628728,16.545,60.44
1238,20.645631,16.904,59.16
1239,20.662196,16.565,60.37
1240,20.678966,16.770,59.63
1241,20.695905,16.939,59.04
1242,20.712382,16.477,60.69
1243,20.728800,16.418,60.91
1244,20.745506,16.706,59.86
1245,20.762154,16.648,60.07
1246,20.778973,16.819,59.46
1247,20.795662,16.689,59.92
1248,20.812546,16.884,59.23
1249,20.829228,16.682,59.94
1250,20.845709,16.481,60.68
1251,20.862320,16.611,60.20
1252,20.878933,16.613,60.19
1253,20.895545,16.613,60.19
1254,20.912184,16.639,60.10
1255,20.928754,16.569,60.35
1256,20.945468,16.715,59.83
1257,20.962131,16.663,60.01
1258,20.978792,16.661,60.02
1259,20.995432,16.640,60.10
1260,21.012310,16.878,59.25
1261,21.029150,16.840,59.38
1262,21.045881,16.731,59.77
1263,21.062562,16.681,59.95
1264,21.079287,16.724,59.79
1265,21.095894,16.608,60.21
1266,21.112582,16.688,59.92
1267,21.129332,16.750,59.70
1268,21.145889,16.556,60.40
1269,21.162837,16.949,59.00
1270,21.179482,16.644,60.08
1271,21.195909,16.427,60.87
1272,21.212729,16.820,59.45
1273,21.229455,16.726,59.79
1274,21.245803,16.348,61.17
1275,21.262575,16.772,59.62
1276,21.279066,16.491,60.64
1277,21.295940,16.874,59.26
1278,21.312506,16.566,60.36
1279,21.329010,16.504,60.59
1280,21.345427,16.417,60.91
1281,21.362044,16.618,60.18
1282,21.378501,16.457,60.76
1283,21.394768,16.266,61.48
1284,21.411381,16.613,60.19
1285,21.427912,16.531,60.49
1286,21.444642,16.730,59.77
1287,21.461093,16.451,60.79
1288,21.477744,16.651,60.06
1289,21.494497,16.753,59.69
1290,21.511105,16.608,60.21
1291,21.527734,16.629,60.14
1292,21.544583,16.849,59.35
1293,21.561513,16.930,59.07
1294,21.578407,16.895,59.19
1295,21.595049,16.641,60.09
1296,21.611739,16.690,59.92
1297,21.628493,16.754,59.69
1298,21.645371,16.878,59.25
1299,21.662548,17.177,58.22
1300,21.679246,16.699,59.89
1301,21.696129,16.883,59.23
1302,21.713190,17.061,58.61
1303,21.729731,16.540,60.46
1304,21.746350,16.619,60.17
1305,21.763222,16.873,59.27
1306,21.779835,16.613,60.20
1307,21.796718,16.883,59.23
1308,21.813399,16.680,59.95
1309,21.830081,16.682,59.94
1310,21.846693,16.612,60.20
1311,21.863240,16.546,60.44
1312,21.879975,16.735,59.75
1313,21.896568,16.593,60.27
1314,21.913078,16.510,60.57
1315,21.929624,16.546,60.44
1316,21.946303,16.679,59.96
1317,21.963106,16.803,59.51
1318,21.979746,16.640,60.10
1319,21.996449,16.703,59.87
1320,22.013339,16.890,59.21
1321,22.030335,16.995,58.84
1322,22.047038,16.703,59.87
1323,22.063823,16.785,59.58
1324,22.080780,16.957,58.97
1325,22.097566,16.786,59.57
1326,22.114280,16.715,59.83
1327,22.130834,16.554,60.41
1328,22.147399,16.565,60.37
1329,22.164256,16.857,59.32
1330,22.180920,16.663,60.01
1331,22.197695,16.775,59.61
1332,22.214354,16.659,60.03
1333,22.231202,16.848,59.35
1334,22.247722,16.520,60.53
1335,22.264480,16.757,59.68
1336,22.281163,16.684,59.94
1337,22.297672,16.509,60.57
1338,22.314078,16.406,60.95
1339,22.330580,16.502,60.60
1340,22.347484,16.904,59.16
1341,22.363864,16.380,61.05
1342,22.380427,16.562,60.38
1343,22.396960,16.534,60.48
1344,22.413557,16.596,60.25
1345,22.430194,16.637,60.11
1346,22.446667,16.473,60.71
1347,22.463175,16.508,60.58
1348,22.480039,16.864,59.30
1349,22.496598,16.560,60.39
1350,22.513322,16.724,59.79
1351,22.529760,16.438,60.84
1352,22.546410,16.650,60.06
1353,22.563053,16.642,60.09
1354,22.579908,16.855,59.33
1355,22.596591,16.683,59.94
1356,22.613706,17.115,58.43
1357,22.630455,16.749,59.70
1358,22.647012,16.557,60.40
1359,22.663542,16.530,60.50
1360,22.680392,16.850,59.35
1361,22.696988,16.596,60.26
1362,22.713693,16.704,59.86
1363,22.730286,16.593,60.27
1364,22.746883,16.597,60.25
1365,22.763522,16.639,60.10
1366,22.780304,16.782,59.59
1367,22.796850,16.546,60.44
1368,22.813628,16.778,59.60
1369,22.830373,16.746,59.72
1370,22.846747,16.374,61.07
1371,22.863382,16.635,60.11
1372,22.880011,16.629,60.14
1373,22.896759,16.748,59.71
1374,22.913348,16.589,60.28
1375,22.930030,16.682,59.94
1376,22.946646,16.616,60.18
1377,22.963307,16.661,60.02
1378,22.980109,16.802,59.52
1379,22.996862,16.753,59.69
1380,23.013757,16.895,59.19
1381,23.030721,16.964,58.95
1382,23.047457,16.736,59.75
1383,23.064210,16.753,59.69
1384,23.080988,16.777,59.60
1385,23.097543,16.555,60.40
1386,23.114070,16.527,60.51
1387,23.130696,16.627,60.14
1388,23.147629,16.932,59.06
1389,23.164084,16.455,60.77
1390,23.180706,16.622,60.16
1391,23.197539,16.833,59.41
1392,23.214284,16.745,59.72
1393,23.230547,16.263,61.49
1394,23.247393,16.846,59.36
1395,23.263986,16.593,60.27
1396,23.280668,16.682,59.95
1397,23.297488,16.820,59.45
1398,23.314183,16.695,59.90
1399,23.330866,16.683,59.94
1400,23.347318,16.452,60.78
1401,23.364046,16.728,59.78
1402,23.380641,16.595,60.26
1403,23.397386,16.746,59.72
1404,23.414057,16.670,59.99
1405,23.430954,16.897,59.18
1406,23.447756,16.802,59.52
1407,23.464346,16.590,60.28
1408,23.481187,16.841,59.38
1409,23.497778,16.591,60.27
1410,23.514612,16.834,59.40
1411,23.531465,16.853,59.34
1412,23.548037,16.572,60.34
1413,23.564879,16.841,59.38
1414,23.581579,16.701,59.88
1415,23.598379,16.800,59.52
1416,23.615349,16.970,58.93
1417,23.632197,16.847,59.36
1418,23.648819,16.623,60.16
1419,23.665644,16.825,59.44
1420,23.682346,16.702,59.87
1421,23.699052,16.706,59.86
1422,23.715716,16.665,60.01
1423,23.732524,16.808,59.50
1424,23.749066,16.541,60.45
1425,23.765660,16.594,60.26
1426,23.782247,16.587,60.29
1427,23.799133,16.886,59.22
1428,23.815680,16.547,60.43
1429,23.832514,16.834,59.40
1430,23.849179,16.665,60.01
1431,23.865862,16.682,59.94
1432,23.882871,17.009,58.79
1433,23.899620,16.749,59.70
1434,23.916492,16.872,59.27
1435,23.933090,16.598,60.25
1436,23.949656,16.566,60.36
1437,23.966212,16.556,60.40
1438,23.982942,16.730,59.77
1439,23.999549,16.607,60.21
1440,24.016132,16.582,60.31
1441,24.032528,16.397,60.99
1442,24.049212,16.684,59.94
1443,24.065872,16.660,60.02
1444,24.082505,16.633,60.12
1445,24.099010,16.504,60.59
1446,24.115640,16.630,60.13
1447,24.132187,16.547,60.43
1448,24.148833,16.646,60.08
1449,24.165477,16.644,60.08
1450,24.182144,16.667,60.00
1451,24.198752,16.608,60.21
1452,24.215565,16.813,59.48
1453,24.232234,16.669,59.99
1454,24.249191,16.958,58.97
1455,24.265649,16.457,60.76
1456,24.282286,16.637,60.11
1457,24.299033,16.747,59.71
1458,24.315732,16.699,59.88
1459,24.332380,16.648,60.07
1460,24.349126,16.745,59.72
1461,24.365852,16.726,59.79
1462,24.382511,16.659,60.03
1463,24.399144,16.633,60.12
1464,24.415883,16.739,59.74
1465,24.432624,16.741,59.73
1466,24.449210,16.586,60.29
1467,24.465837,16.627,60.14
1468,24.482366,16.529,60.50
1469,24.498963,16.596,60.25
1470,24.515749,16.787,59.57
1471,24.532177,16.427,60.87
1472,24.549025,16.849,59.35
1473,24.565427,16.402,60.97
1474,24.581975,16.547,60.43
1475,24.598908,16.933,59.06
1476,24.615530,16.623,60.16
1477,24.632174,16.643,60.08
1478,24.648766,16.592,60.27
1479,24.665384,16.618,60.17
1480,24.682098,16.714,59.83
1481,24.698808,16.710,59.84
1482,24.715321,16.513,60.56
1483,24.731895,16.574,60.33
1484,24.748641,16.746,59.72
1485,24.765608,16.967,58.94
1486,24.782233,16.625,60.15
1487,24.798931,16.698,59.89
1488,24.815594,16.663,60.01
1489,24.832232,16.637,60.11
1490,24.849055,16.823,59.44
1491,24.865816,16.761,59.66
1492,24.882481,16.666,60.00
1493,24.899182,16.700,59.88
1494,24.916016,16.834,59.40
1495,24.932796,16.780,59.59
1496,24.949475,16.679,59.96
1497,24.966033,16.558,60.39
1498,24.982596,16.563,60.38
1499,24.999045,16.449,60.79
1500,25.417974,418.929,2.39
1501,25.438190,20.216,49.47
1502,25.459634,21.444,46.63
1503,25.481001,21.367,46.80
1504,25.488924,7.922,126.23
1505,25.496214,7.290,137.18
1506,25.501419,5.205,192.11
1507,25.508760,7.341,136.22
1508,25.516769,8.009,124.87
1509,25.524221,7.452,134.19
1510,25.530295,6.074,164.64
1511,25.535825,5.530,180.83
1512,25.543018,7.194,139.01
1513,25.549962,6.943,144.03
1514,25.558217,8.255,121.14
1515,25.565693,7.476,133.75
1516,25.572523,6.830,146.41
1517,25.581136,8.613,116.11
1518,25.588098,6.962,143.65
1519,25.598424,10.327,96.84
1520,25.605210,6.785,147.38
1521,25.613457,8.247,121.26
1522,25.621045,7.589,131.77
1523,25.631206,10.160,98.42
1524,25.640431,9.225,108.40
1525,25.647687,7.256,137.82
1526,25.655129,7.442,134.37
1527,25.661993,6.864,145.68
1528,25.671201,9.208,108.60
1529,25.680328,9.127,109.57
1530,25.689051,8.723,114.64
1531,25.697072,8.021,124.67
1532,25.705471,8.399,119.06
1533,25.715473,10.002,99.98
1534,25.724137,8.664,115.42
1535,25.731633,7.497,133.39
1536,25.741372,9.738,102.69
1537,25.748351,6.979,143.28
1538,25.757129,8.778,113.92
1539,25.766051,8.922,112.09
1540,25.772647,6.596,151.60
1541,25.780238,7.591,131.73
1542,25.786010,5.772,173.25
1543,25.794364,8.354,119.70
1544,25.802411,8.046,124.28
1545,25.811022,8.612,116.12
1546,25.818407,7.385,135.41
1547,25.825547,7.140,140.06
1548,25.832743,7.196,138.96
1549,25.840569,7.826,127.78
1550,25.848093,7.524,132.90
1551,25.857604,9.511,105.14
1552,25.866418,8.813,113.46
1553,25.874382,7.964,125.56
1554,25.884162,9.780,102.25
1555,25.892443,8.281,120.76
1556,25.901680,9.237,108.26
1557,25.908810,7.131,140.24
1558,25.915267,6.457,154.87
1559,25.921435,6.168,162.14
1560,25.927560,6.125,163.27
1561,25.936461,8.901,112.34
1562,25.943032,6.571,152.18
1563,25.949754,6.722,148.76
1564,25.959219,9.465,105.66
1565,25.969062,9.843,101.59
1566,25.977411,8.349,119.78
1567,25.984799,7.388,135.35
1568,25.992296,7.497,133.39
1569,26.002345,10.049,99.52
1570,26.011239,8.894,112.43
1571,26.017051,5.813,172.04
1572,26.024433,7.382,135.47
1573,26.032802,8.369,119.49
1574,26.040026,7.224,138.42
1575,26.047337,7.311,136.78
1576,26.054645,7.307,136.85
1577,26.060930,6.285,159.11
1578,26.067827,6.897,144.98
1579,26.076983,9.156,109.22
1580,26.084699,7.716,129.60
1581,26.091991,7.292,137.14
1582,26.100554,8.563,116.78
1583,26.111514,10.960,91.24
1584,26.121296,9.782,102.23
1585,26.127326,6.030,165.83
1586,26.135518,8.192,122.07
1587,26.144383,8.865,112.81
1588,26.152569,8.186,122.15
1589,26.159077,6.507,153.67
1590,26.165586,6.509,153.63
1591,26.175223,9.637,103.76
1592,26.181605,6.382,156.70
1593,26.190132,8.527,117.28
1594,26.198484,8.352,119.73
1595,26.203294,4.810,207.90
1596,26.209366,6.072,164.68
1597,26.218384,9.018,110.89
1598,26.227875,9.492,105.36
1599,26.234094,6.218,160.81
1600,26.241750,7.656,130.61
1601,26.249783,8.033,124.49
1602,26.257776,7.993,125.11
1603,26.267642,9.867,101.35
1604,26.273961,6.319,158.26
1605,26.280446,6.485,154.21
1606,26.286905,6.459,154.82
1607,26.296264,9.359,106.85
1608,26.305413,9.148,109.31
1609,26.313684,8.272,120.89
1610,26.321241,7.556,132.34
1611,26.327583,6.342,157.67
1612,26.334197,6.614,151.20
1613,26.342766,8.569,116.70
1614,26.351786,9.021,110.86
1615,26.359861,8.075,123.84
1616,26.367988,8.127,123.05
1617,26.375318,7.330,136.43
1618,26.383620,8.302,120.45
1619,26.389738,6.119,163.43
1620,26.397568,7.829,127.73
1621,26.404984,7.417,134.83
1622,26.412695,7.711,129.68
1623,26.420810,8.115,123.23
1624,26.429433,8.623,115.97
1625,26.435551,6.118,163.45
1626,26.443222,7.671,130.36
1627,26.450737,7.515,133.06
1628,26.458203,7.466,133.94
1629,26.465466,7.263,137.68
1630,26.475147,9.681,103.29
1631,26.482262,7.114,140.56
1632,26.490223,7.961,125.61
1633,26.497159,6.936,144.18
1634,26.506727,9.568,104.52
1635,26.514677,7.950,125.79
1636,26.520891,6.214,160.92
1637,26.527431,6.540,152.90
1638,26.536411,8.979,111.37
1639,26.545579,9.169,109.07
1640,26.553627,8.048,124.25
1641,26.559156,5.529,180.86
1642,26.568015,8.859,112.88
1643,26.575985,7.970,125.46
1644,26.582176,6.191,161.54
1645,26.590566,8.390,119.19
1646,26.598215,7.649,130.73
1647,26.605710,7.495,133.43
1648,26.612865,7.155,139.76
1649,26.619283,6.419,155.80
1650,26.628828,9.545,104.77
1651,26.636543,7.714,129.63
1652,26.643639,7.096,140.93
1653,26.654191,10.552,94.77
1654,26.659538,5.347,187.01
1655,26.691757,32.219,31.04
1656,26.697455,5.698,175.51
1657,26.703722,6.267,159.57
1658,26.711007,7.286,137.25
1659,26.720912,9.905,100.96
1660,26.728106,7.194,139.01
1661,26.736020,7.914,126.36
1662,26.743770,7.750,129.04
1663,26.751905,8.135,122.92
1664,26.759649,7.743,129.14
1665,26.765660,6.011,166.36
1666,26.772480,6.821,146.62
1667,26.782038,9.558,104.63
1668,26.788600,6.562,152.38
1669,26.795602,7.001,142.83
1670,26.805413,9.811,101.92
1671,26.814362,8.949,111.74
1672,26.821758,7.396,135.21
1673,26.830698,8.940,111.86
1674,26.836950,6.252,159.94
1675,26.844647,7.697,129.93
1676,26.854514,9.867,101.35
1677,26.864231,9.717,102.91
1678,26.870950,6.718,148.85
1679,26.878345,7.396,135.21
1680,26.884671,6.326,158.08
1681,26.891388,6.716,148.89
1682,26.899096,7.708,129.73
1683,26.906199,7.104,140.77
1684,26.914978,8.779,113.91
1685,26.923503,8.524,117.31
1686,26.931823,8.321,120.18
1687,26.939647,7.823,127.82
1688,26.948162,8.516,117.43
1689,26.956122,7.960,125.63
1690,26.962246,6.124,163.30
1691,26.968791,6.544,152.80
1692,26.975017,6.226,160.61
1693,26.982979,7.963,125.59
1694,26.989951,6.972,143.44
1695,26.996102,6.151,162.57
1696,27.004711,8.609,116.15
1697,27.013558,8.846,113.04
1698,27.023120,9.562,104.58
1699,27.032471,9.351,106.94
1700,27.041110,8.639,115.75
1701,27.049666,8.556,116.87
1702,27.058546,8.879,112.62
1703,27.066723,8.177,122.30
1704,27.074264,7.541,132.60
1705,27.082538,8.274,120.86
1706,27.092025,9.487,105.40
1707,27.099923,7.898,126.61
1708,27.105292,5.369,186.26
1709,27.114409,9.117,109.69
1710,27.120861,6.452,155.00
1711,27.128469,7.609,131.43
1712,27.135486,7.017,142.51
1713,27.144316,8.829,113.26
1714,27.153234,8.919,112.13
1715,27.160133,6.898,144.97
1716,27.168289,8.156,122.60
1717,27.176243,7.954,125.73
1718,27.182137,5.895,169.64
1719,27.190463,8.326,120.10
1720,27.197067,6.603,151.44
1721,27.202790,5.724,174.72
1722,27.208418,5.627,177.70
1723,27.216777,8.360,119.62
1724,27.225121,8.344,119.85
1725,27.231197,6.076,164.58
1726,27.238343,7.146,139.93
1727,27.246492,8.149,122.71
1728,27.252735,6.243,160.19
1729,27.259730,6.995,142.96
1730,27.267390,7.660,130.55
1731,27.275912,8.522,117.34
1732,27.282057,6.144,162.75
1733,27.288828,6.771,147.68
1734,27.296128,7.301,136.97
1735,27.303606,7.477,133.74
1736,27.312709,9.103,109.85
1737,27.320103,7.394,135.24
1738,27.329437,9.334,107.13
1739,27.338405,8.968,111.50
1740,27.344716,6.311,158.46
1741,27.352976,8.260,121.07
1742,27.361007,8.031,124.51
1743,27.368165,7.159,139.69
1744,27.378440,10.274,97.33
1745,27.385885,7.445,134.32
1746,27.393781,7.897,126.64
1747,27.402517,8.736,114.47
1748,27.409291,6.774,147.63
1749,27.418627,9.336,107.11
1750,27.425617,6.990,143.07
1751,27.432686,7.070,141.45
1752,27.442047,9.361,106.83
1753,27.450250,8.203,121.91
1754,27.459445,9.194,108.76
1755,27.467434,7.989,125.17
1756,27.476212,8.778,113.91
1757,27.484272,8.059,124.08
1758,27.492509,8.238,121.39
1759,27.501289,8.780,113.90
1760,27.509614,8.324,120.13
1761,27.518130,8.516,117.42
1762,27.524542,6.412,155.95
1763,27.532857,8.315,120.27
1764,27.541426,8.569,116.71
1765,27.547866,6.441,155.26
1766,27.554712,6.845,146.09
1767,27.561932,7.220,138.49
1768,27.568029,6.097,164.02
1769,27.575200,7.171,139.46
1770,27.585589,10.389,96.25
1771,27.592692,7.103,140.78
1772,27.601995,9.303,107.49
1773,27.608263,6.268,159.54
1774,27.618043,9.779,102.26
1775,27.625620,7.577,131.97
1776,27.632119,6.499,153.86
1777,27.640394,8.274,120.86
1778,27.647712,7.319,136.64
1779,27.654220,6.508,153.66
1780,27.661309,7.089,141.06
1781,27.668491,7.182,139.24
1782,27.677451,8.960,111.61
1783,27.685156,7.706,129.77
1784,27.693597,8.440,118.48
1785,27.701852,8.256,121.13
1786,27.708688,6.835,146.30
1787,27.713503,4.815,207.67
1788,27.721967,8.464,118.15
1789,27.730461,8.495,117.72
1790,27.738468,8.007,124.89
1791,27.746385,7.916,126.32
1792,27.756252,9.867,101.34
1793,27.764363,8.111,123.29
1794,27.773310,8.947,111.77
1795,27.780771,7.461,134.03
1796,27.788727,7.956,125.69
1797,27.796517,7.790,128.38
1798,27.805162,8.645,115.67
1799,27.814278,9.117,109.69
1800,27.821794,7.516,133.05
1801,27.830390,8.596,116.33
1802,27.839723,9.332,107.15
1803,27.849604,9.881,101.20
1804,27.858266,8.663,115.44
1805,27.864247,5.981,167.20
1806,27.886517,22.269,44.90
1807,27.894170,7.653,130.66
1808,27.900927,6.757,147.99
1809,27.908578,7.651,130.70
1810,27.915389,6.812,146.81
1811,27.923607,8.217,121.69
1812,27.929088,5.481,182.44
1813,27.937033,7.945,125.87
1814,27.946196,9.163,109.13
1815,27.953962,7.766,128.77
1816,27.962466,8.504,117.59
1817,27.970363,7.897,126.63
1818,27.978828,8.465,118.14
1819,27.985663,6.835,146.31
1820,27.993329,7.666,130.45
1821,28.002226,8.897,112.39
1822,28.009975,7.749,129.05
1823,28.017823,7.848,127.42
1824,28.025664,7.841,127.53
1825,28.033418,7.754,128.97
1826,28.042671,9.253,108.07
1827,28.051788,9.117,109.68
1828,28.056944,5.156,193.96
1829,28.065145,8.201,121.94
1830,28.071730,6.585,151.85
1831,28.080900,9.170,109.05
1832,28.090283,9.382,106.58
1833,28.097682,7.399,135.15
1834,28.106168,8.487,117.83
1835,28.115573,9.404,106.34
1836,28.122892,7.320,136.62
1837,28.130517,7.625,131.14
1838,28.139716,9.198,108.72
1839,28.146330,6.614,151.19
1840,28.155026,8.696,115.00
1841,28.162368,7.342,136.21
1842,28.168184,5.816,171.93
1843,28.177346,9.163,109.14
1844,28.184124,6.777,147.55
1845,28.192967,8.843,113.08
1846,28.200760,7.794,128.31
1847,28.207146,6.386,156.60
1848,28.214854,7.707,129.75
1849,28.223441,8.587,116.45
1850,28.231348,7.908,126.46
1851,28.238748,7.399,135.15
1852,28.247683,8.935,111.92
1853,28.256254,8.572,116.66
1854,28.265132,8.878,112.64
1855,28.271144,6.011,166.36
1856,28.277540,6.396,156.35
1857,28.284545,7.005,142.75
1858,28.292904,8.359,119.63
1859,28.299635,6.731,148.56
1860,28.306745,7.110,140.64
1861,28.313985,7.240,138.12
1862,28.319112,5.127,195.04
1863,28.325272,6.160,162.34
1864,28.334141,8.868,112.76
1865,28.342926,8.785,113.83
1866,28.351079,8.153,122.65
1867,28.358210,7.131,140.22
1868,28.367058,8.848,113.02
1869,28.375815,8.757,114.19
1870,28.383197,7.382,135.47
1871,28.390019,6.822,146.58
1872,28.397658,7.638,130.92
1873,28.406852,9.194,108.76
1874,28.415291,8.439,118.50
1875,28.424243,8.952,111.71
1876,28.432560,8.317,120.24
1877,28.441068,8.508,117.53
1878,28.448672,7.604,131.51
1879,28.456482,7.810,128.04
1880,28.463485,7.003,142.80
1881,28.471926,8.441,118.46
1882,28.479411,7.485,133.61
1883,28.486422,7.011,142.62
1884,28.494365,7.943,125.90
1885,28.502774,8.409,118.92
1886,28.511493,8.719,114.70
1887,28.519529,8.036,124.44
1888,28.526506,6.977,143.32
1889,28.534762,8.256,121.13
1890,28.543894,9.133,109.50
1891,28.552147,8.253,121.17
1892,28.559056,6.909,144.74
1893,28.567597,8.541,117.08
1894,28.574945,7.348,136.09
1895,28.583368,8.422,118.73
1896,28.590588,7.220,138.50
1897,28.598999,8.411,118.89
1898,28.607480,8.480,117.92
1899,28.616410,8.930,111.98
1900,28.623337,6.927,144.37
1901,28.630791,7.454,134.15
1902,28.639342,8.551,116.94
1903,28.646462,7.120,140.45
1904,28.654111,7.649,130.74
1905,28.661737,7.626,131.13
1906,28.669275,7.538,132.66
1907,28.677791,8.516,117.42
1908,28.685840,8.049,124.24
1909,28.695003,9.162,109.14
1910,28.705254,10.251,97.55
1911,28.712713,7.460,134.05
1912,28.719718,7.005,142.76
1913,28.729091,9.373,106.69
1914,28.736331,7.241,138.11
1915,28.742757,6.426,155.62
1916,28.749052,6.295,158.86
1917,28.756484,7.432,134.55
1918,28.763240,6.756,148.02
1919,28.771797,8.557,116.87
1920,28.777780,5.983,167.14
1921,28.785632,7.852,127.35
1922,28.793900,8.268,120.95
1923,28.802136,8.236,121.41
1924,28.809378,7.241,138.10
1925,28.818398,9.020,110.86
1926,28.825430,7.032,142.21
1927,28.831868,6.438,155.32
1928,28.839917,8.049,124.23
1929,28.847554,7.637,130.94
1930,28.855366,7.812,128.01
1931,28.862297,6.931,144.27
1932,28.870474,8.177,122.30
1933,28.879665,9.191,108.80
1934,28.886686,7.021,142.43
1935,28.893943,7.257,137.79
1936,28.901267,7.324,136.54
1937,28.911493,10.226,97.79
1938,28.919866,8.373,119.43
1939,28.927784,7.918,126.29
1940,28.935997,8.213,121.76
1941,28.944277,8.280,120.77
1942,28.950875,6.598,151.56
1943,28.958280,7.405,135.04
1944,28.964806,6.526,153.23
1945,28.970946,6.140,162.86
1946,28.978151,7.204,138.81
1947,28.987165,9.014,110.93
1948,28.995130,7.965,125.55
1949,29.004419,9.288,107.66
1950,29.010628,6.209,161.05
1951,29.018562,7.934,126.04
1952,29.027419,8.857,112.90
1953,29.032763,5.344,187.13
1954,29.039240,6.477,154.38
1955,29.048050,8.810,113.51
1956,29.055783,7.733,129.31
1957,29.083080,27.297,36.63
1958,29.091392,8.312,120.31
1959,29.099243,7.851,127.37
1960,29.107030,7.787,128.41
1961,29.114476,7.445,134.32
1962,29.120279,5.803,172.32
1963,29.128609,8.330,120.05
1964,29.135665,7.056,141.72
1965,29.142117,6.452,154.99
1966,29.152717,10.600,94.34
1967,29.160567,7.850,127.38
1968,29.167875,7.308,136.84
1969,29.175766,7.891,126.73
1970,29.183031,7.265,137.64
1971,29.190879,7.849,127.41
1972,29.199931,9.052,110.47
1973,29.207674,7.743,129.15
1974,29.216672,8.998,111.14
1975,29.225864,9.193,108.78
1976,29.232070,6.206,161.14
1977,29.239434,7.364,135.80
1978,29.246931,7.496,133.40
1979,29.254178,7.247,137.99
1980,29.261996,7.819,127.90
1981,29.269919,7.923,126.21
1982,29.277496,7.577,131.98
1983,29.284376,6.879,145.36
1984,29.291612,7.236,138.20
1985,29.296903,5.291,188.99
1986,29.304780,7.877,126.95
1987,29.312193,7.413,134.90
1988,29.318940,6.747,148.21
1989,29.327760,8.820,113.38
1990,29.334729,6.969,143.49
1991,29.342453,7.724,129.47
1992,29.351327,8.874,112.69
1993,29.359281,7.955,125.71
1994,29.366486,7.205,138.79
1995,29.371948,5.462,183.09
1996,29.379575,7.627,131.12
1997,29.388453,8.878,112.63
1998,29.394469,6.015,166.24
1999,29.402341,7.873,127.02
2000,29.410253,7.912,126.39
2001,29.420147,9.894,101.07
2002,29.427660,7.513,133.11
2003,29.436576,8.916,112.16
2004,29.445100,8.524,117.31
2005,29.452735,7.634,130.99
2006,29.460806,8.072,123.89
2007,29.468552,7.746,129.10
2008,29.474928,6.376,156.84
2009,29.482749,7.821,127.86
2010,29.492569,9.820,101.84
2011,29.500755,8.187,122.15
2012,29.510961,10.206,97.99
2013,29.517505,6.544,152.81
2014,29.524952,7.447,134.28
2015,29.533533,8.580,116.54
2016,29.542326,8.794,113.72
2017,29.549457,7.130,140.25
2018,29.558781,9.324,107.25
2019,29.566909,8.128,123.03
2020,29.574742,7.833,127.66
2021,29.581520,6.778,147.54
2022,29.589672,8.151,122.68
2023,29.597114,7.442,134.37
2024,29.607247,10.134,98.68
2025,29.612892,5.644,177.17
2026,29.621237,8.345,119.83
2027,29.627011,5.775,173.17
2028,29.634882,7.870,127.06
2029,29.640205,5.323,187.87
2030,29.649396,9.191,108.80
2031,29.657531,8.135,122.93
2032,29.664718,7.187,139.14
2033,29.673745,9.027,110.78
2034,29.680789,7.044,141.96
2035,29.687780,6.991,143.04
2036,29.695696,7.915,126.34
2037,29.702958,7.263,137.69
2038,29.710792,7.834,127.65
2039,29.717031,6.239,160.28
2040,29.723056,6.024,165.99
2041,29.731703,8.648,115.64
2042,29.738674,6.970,143.46
2043,29.748857,10.183,98.20
2044,29.756559,7.702,129.84
2045,29.763484,6.926,144.39
2046,29.768701,5.216,191.70
2047,29.775677,6.976,143.35
2048,29.784040,8.364,119.57
2049,29.791548,7.507,133.20
2050,29.800042,8.494,117.73
2051,29.809046,9.004,111.06
2052,29.816255,7.209,138.71
2053,29.821355,5.100,196.09
2054,29.832335,10.980,91.07
2055,29.840154,7.819,127.90
2056,29.847190,7.036,142.13
2057,29.854956,7.766,128.77
2058,29.863961,9.005,111.05
2059,29.870808,6.848,146.04
2060,29.879328,8.520,117.38
2061,29.886034,6.706,149.12
2062,29.891840,5.806,172.23
2063,29.900243,8.403,119.01
2064,29.910166,9.923,100.77
2065,29.916372,6.207,161.12
2066,29.924534,8.162,122.52
2067,29.933446,8.912,112.21
2068,29.940450,7.004,142.77
2069,29.945841,5.390,185.52
2070,29.953172,7.331,136.40
2071,29.960227,7.055,141.74
2072,29.967049,6.822,146.58
2073,29.973847,6.797,147.12
2074,29.981517,7.670,130.38
2075,29.990003,8.486,117.84
2076,29.996819,6.816,146.71
2077,30.005069,8.250,121.21
2078,30.013608,8.539,117.11
2079,30.022773,9.165,109.11
2080,30.029573,6.800,147.07
2081,30.036246,6.673,149.86
2082,30.043524,7.278,137.40
2083,30.052230,8.707,114.86
2084,30.056262,4.032,248.02
2085,30.060877,4.615,216.69
2086,30.070731,9.854,101.48
2087,30.076564,5.833,171.45
2088,30.086033,9.469,105.61
2089,30.094387,8.355,119.69
2090,30.101538,7.150,139.85
2091,30.111281,9.743,102.64
2092,30.120852,9.571,104.48
2093,30.126449,5.597,178.65
2094,30.134389,7.940,125.95
2095,30.142942,8.553,116.91
2096,30.149993,7.050,141.84
2097,30.159843,9.851,101.51
2098,30.166861,7.018,142.49
2099,30.175207,8.345,119.83
2100,30.183421,8.214,121.74
2101,30.191182,7.761,128.85
2102,30.200215,9.033,110.70
2103,30.208366,8.151,122.68
2104,30.214747,6.381,156.72
2105,30.223747,9.000,111.11
2106,30.229568,5.821,171.79
2107,30.237761,8.193,122.05
2108,30.273173,35.412,28.24
2109,30.281140,7.967,125.52
2110,30.287816,6.676,149.79
2111,30.296094,8.278,120.81
2112,30.303671,7.578,131.96
2113,30.311184,7.513,133.11
2114,30.318301,7.117,140.51
2115,30.325859,7.558,132.32
2116,30.334572,8.714,114.76
2117,30.340266,5.694,175.63
2118,30.349260,8.994,111.19
2119,30.356650,7.390,135.31
2120,30.364890,8.241,121.35
2121,30.373578,8.688,115.10
2122,30.380969,7.391,135.31
2123,30.389792,8.823,113.34
2124,30.396497,6.705,149.14
2125,30.405247,8.750,114.28
2126,30.413188,7.941,125.92
2127,30.422049,8.861,112.85
2128,30.429717,7.667,130.42
2129,30.438340,8.623,115.97
2130,30.444627,6.287,159.06
2131,30.453545,8.918,112.13
2132,30.460575,7.031,142.23
2133,30.469164,8.588,116.43
2134,30.476977,7.813,127.99
2135,30.486592,9.615,104.00
2136,30.494259,7.667,130.42
2137,30.501305,7.046,141.93
2138,30.508692,7.387,135.38
2139,30.516991,8.299,120.50
2140,30.524691,7.701,129.86
2141,30.532132,7.441,134.39
2142,30.540059,7.927,126.15
2143,30.549903,9.843,101.59
2144,30.556717,6.814,146.75
2145,30.565047,8.330,120.05
2146,30.573259,8.212,121.78
2147,30.579367,6.108,163.72
2148,30.585447,6.081,164.46
2149,30.593409,7.962,125.60
2150,30.599385,5.975,167.35
2151,30.607350,7.965,125.55
2152,30.614713,7.363,135.81
2153,30.621222,6.509,153.63
2154,30.628446,7.224,138.44
2155,30.637309,8.864,112.82
2156,30.645063,7.753,128.98
2157,30.651782,6.720,148.81
2158,30.658604,6.822,146.59
2159,30.667119,8.515,117.45
2160,30.674863,7.745,129.12
2161,30.682823,7.960,125.63
2162,30.692093,9.270,107.88
2163,30.700773,8.680,115.21
2164,30.709516,8.744,114.36
2165,30.717426,7.909,126.43
2166,30.727121,9.695,103.15
2167,30.734196,7.076,141.33
2168,30.742301,8.105,123.38
2169,30.750633,8.332,120.02
2170,30.757697,7.064,141.57
2171,30.765120,7.423,134.71
2172,30.773402,8.282,120.75
2173,30.781782,8.380,119.33
2174,30.791333,9.550,104.71
2175,30.798934,7.601,131.55
2176,30.805488,6.554,152.57
2177,30.812581,7.093,140.99
2178,30.820202,7.621,131.22
2179,30.826430,6.228,160.56
2180,30.833494,7.064,141.56
2181,30.838947,5.453,183.38
2182,30.845699,6.752,148.11
2183,30.852855,7.156,139.73
2184,30.861755,8.900,112.36
2185,30.871501,9.746,102.60
2186,30.879163,7.662,130.51
2187,30.885886,6.723,148.75
2188,30.892931,7.045,141.95
2189,30.902184,9.253,108.07
2190,30.910928,8.744,114.37
2191,30.917919,6.991,143.04
2192,30.925106,7.187,139.14
2193,30.931965,6.859,145.80
2194,30.938846,6.882,145.32
2195,30.946994,8.148,122.73
2196,30.956619,9.625,103.90
2197,30.964823,8.204,121.90
2198,30.969643,4.820,207.46
2199,30.977539,7.896,126.65
2200,30.985116,7.577,131.97
2201,30.992081,6.964,143.59
2202,30.999880,7.799,128.22
2203,31.005999,6.119,163.43
2204,31.014649,8.650,115.60
2205,31.025181,10.532,94.95
2206,31.033544,8.363,119.57
2207,31.040221,6.677,149.77
2208,31.048245,8.024,124.62
2209,31.055659,7.414,134.89
2210,31.063170,7.512,133.13
2211,31.073727,10.556,94.73
2212,31.080758,7.031,142.22
2213,31.087308,6.550,152.68
2214,31.096473,9.165,109.11
2215,31.104271,7.798,128.24
2216,31.111500,7.229,138.33
2217,31.120011,8.510,117.50
2218,31.127852,7.842,127.52
2219,31.138056,10.204,98.00
2220,31.145323,7.266,137.62
2221,31.152263,6.941,144.08
2222,31.160700,8.436,118.53
2223,31.168663,7.963,125.58
2224,31.177441,8.778,113.92
2225,31.185568,8.128,123.04
2226,31.193838,8.270,120.93
2227,31.203213,9.375,106.67
2228,31.209257,6.045,165.44
2229,31.218060,8.803,113.60
2230,31.226516,8.456,118.27
2231,31.231481,4.966,201.37
2232,31.239611,8.130,123.01
2233,31.247212,7.601,131.56
2234,31.254162,6.950,143.88
2235,31.260952,6.790,147.27
2236,31.268716,7.763,128.81
2237,31.277267,8.551,116.94
2238,31.283429,6.162,162.29
2239,31.291042,7.613,131.36
2240,31.298822,7.780,128.53
2241,31.305155,6.333,157.91
2242,31.312138,6.983,143.20
2243,31.319298,7.161,139.65
2244,31.325836,6.538,152.95
2245,31.333929,8.093,123.57
2246,31.340336,6.406,156.10
2247,31.347624,7.289,137.20
2248,31.355030,7.406,135.03
2249,31.361643,6.613,151.22
2250,31.369233,7.590,131.75
2251,31.378144,8.912,112.21
2252,31.385845,7.701,129.85
2253,31.393527,7.681,130.18
2254,31.401231,7.704,129.80
2255,31.406504,5.274,189.62
2256,31.416433,9.928,100.72
2257,31.424032,7.599,131.59
2258,31.431249,7.217,138.56
2259,31.459279,28.031,35.68
2260,31.469411,10.132,98.70
2261,31.476193,6.782,147.44
2262,31.483692,7.498,133.36
2263,31.492787,9.096,109.94
2264,31.500914,8.127,123.05
2265,31.509290,8.375,119.40
2266,31.514847,5.558,179.93
2267,31.522554,7.706,129.76
2268,31.528329,5.776,173.14
2269,31.536745,8.416,118.82
2270,31.543834,7.089,141.07
2271,31.552896,9.062,110.35
2272,31.561008,8.112,123.27
2273,31.569244,8.237,121.41
2274,31.577190,7.946,125.86
2275,31.584235,7.046,141.93
2276,31.591556,7.320,136.60
2277,31.600773,9.217,108.50
2278,31.607663,6.890,145.13
2279,31.615818,8.155,122.62
2280,31.624381,8.563,116.79
2281,31.633425,9.044,110.57
2282,31.641347,7.921,126.24
2283,31.649169,7.822,127.84
2284,31.658617,9.448,105.84
2285,31.665502,6.885,145.24
2286,31.674192,8.690,115.08
2287,31.682681,8.489,117.79
2288,31.689637,6.955,143.78
2289,31.695983,6.346,157.58
2290,31.705247,9.264,107.94
2291,31.714287,9.040,110.62
2292,31.721598,7.311,136.78
2293,31.727569,5.971,167.48
2294,31.735488,7.920,126.27
2295,31.743270,7.781,128.51
2296,31.749441,6.171,162.04
2297,31.758492,9.051,110.48
2298,31.766706,8.213,121.76
2299,31.773985,7.279,137.38
2300,31.781031,7.046,141.92
2301,31.788876,7.845,127.48
2302,31.797452,8.577,116.60
2303,31.805537,8.085,123.69
2304,31.814059,8.522,117.35
2305,31.822881,8.823,113.34
2306,31.828549,5.668,176.44
2307,31.836837,8.287,120.66
2308,31.844215,7.379,135.53
2309,31.851798,7.583,131.87
2310,31.858432,6.633,150.76
2311,31.865844,7.413,134.91
2312,31.872544,6.700,149.26
2313,31.879821,7.277,137.41
2314,31.887274,7.452,134.18
2315,31.895672,8.399,119.07
2316,31.902823,7.150,139.86
2317,31.909443,6.621,151.04
2318,31.916336,6.892,145.09
2319,31.924761,8.425,118.69
2320,31.932044,7.283,137.30
2321,31.939420,7.376,135.58
2322,31.946916,7.496,133.41
2323,31.953657,6.741,148.35
2324,31.961372,7.715,129.62
2325,31.966753,5.382,185.82
2326,31.975335,8.582,116.53
2327,31.982932,7.597,131.63
2328,31.992049,9.117,109.68
2329,31.999164,7.114,140.56
2330,32.006380,7.216,138.58
2331,32.015334,8.954,111.68
2332,32.022810,7.476,133.76
2333,32.030430,7.620,131.23
2334,32.037011,6.581,151.95
2335,32.044952,7.940,125.94
2336,32.052541,7.590,131.76
2337,32.058681,6.140,162.86
2338,32.066760,8.078,123.79
2339,32.073313,6.553,152.60
2340,32.081161,7.849,127.41
2341,32.090097,8.935,111.91
2342,32.098916,8.819,113.39
2343,32.107495,8.579,116.56
2344,32.114169,6.674,149.84
2345,32.122573,8.404,118.99
2346,32.129755,7.182,139.24
2347,32.137226,7.471,133.86
2348,32.144420,7.195,138.99
2349,32.152034,7.613,131.35
2350,32.161023,8.989,111.24
2351,32.169806,8.783,113.86
2352,32.176020,6.214,160.92
2353,32.182011,5.991,166.91
2354,32.188733,6.722,148.76
2355,32.197152,8.419,118.79
2356,32.205302,8.150,122.70
2357,32.212138,6.836,146.29
2358,32.222622,10.484,95.39
2359,32.229418,6.796,147.15
2360,32.236514,7.097,140.91
2361,32.244583,8.068,123.94
2362,32.253801,9.218,108.48
2363,32.259247,5.447,183.59
2364,32.265772,6.524,153.27
2365,32.273021,7.250,137.94
2366,32.278895,5.873,170.27
2367,32.285916,7.021,142.42
2368,32.293073,7.157,139.71
2369,32.300915,7.842,127.52
2370,32.307721,6.806,146.93
2371,32.317215,9.494,105.33
2372,32.326632,9.417,106.20
2373,32.334847,8.215,121.73
2374,32.342758,7.911,126.40
2375,32.352160,9.402,106.36
2376,32.357929,5.769,173.34
2377,32.365019,7.090,141.05
2378,32.371598,6.579,152.00
2379,32.379356,7.759,128.89
2380,32.385931,6.575,152.10
2381,32.395541,9.610,104.05
2382,32.402456,6.915,144.61
2383,32.410329,7.873,127.02
2384,32.419359,9.030,110.74
2385,32.425147,5.788,172.78
2386,32.434940,9.794,102.11
2387,32.444310,9.370,106.73
2388,32.452974,8.664,115.42
2389,32.460436,7.462,134.01
2390,32.466233,5.797,172.51
2391,32.473869,7.636,130.96
2392,32.481170,7.302,136.96
2393,32.488284,7.113,140.58
2394,32.497488,9.204,108.65
2395,32.506938,9.451,105.81
2396,32.514777,7.838,127.58
2397,32.524063,9.286,107.69
2398,32.532668,8.606,116.20
2399,32.540281,7.613,131.36
2400,32.547945,7.664,130.48
2401,32.555700,7.755,128.95
2402,32.563768,8.068,123.95
2403,32.571902,8.134,122.95
2404,32.578989,7.088,141.09
2405,32.587641,8.652,115.59
2406,32.593924,6.283,159.16
2407,32.601307,7.383,135.45
2408,32.611300,9.993,100.07
2409,32.617986,6.687,149.55
2410,32.647314,29.328,34.10
2411,32.654266,6.952,143.84
2412,32.661598,7.332,136.39
2413,32.669384,7.786,128.44
2414,32.676562,7.178,139.32
2415,32.685463,8.901,112.35
2416,32.692645,7.182,139.24
2417,32.699697,7.052,141.80
2418,32.707628,7.931,126.08
2419,32.715705,8.077,123.81
2420,32.723381,7.676,130.28
2421,32.731899,8.518,117.39
2422,32.739541,7.642,130.85
2423,32.748546,9.005,111.05
2424,32.755490,6.944,144.01
2425,32.763065,7.576,132.00
2426,32.770469,7.403,135.07
2427,32.778611,8.143,122.81
2428,32.787665,9.053,110.45
2429,32.794408,6.744,148.29
2430,32.803018,8.610,116.15
2431,32.811638,8.620,116.01
2432,32.818382,6.744,148.28
2433,32.826297,7.915,126.35
2434,32.834823,8.526,117.29
2435,32.844008,9.185,108.87
2436,32.850036,6.028,165.88
2437,32.858060,8.024,124.63
2438,32.864699,6.639,150.62
2439,32.872813,8.114,123.25
2440,32.878360,5.547,180.29
2441,32.886695,8.335,119.97
2442,32.894080,7.385,135.40
2443,32.902697,8.617,116.05
2444,32.910904,8.207,121.85
2445,32.917455,6.551,152.65
2446,32.926768,9.313,107.38
2447,32.934007,7.239,138.14
2448,32.940093,6.086,164.31
2449,32.948753,8.660,115.47
2450,32.957078,8.325,120.12
2451,32.963978,6.899,144.94
2452,32.972915,8.937,111.90
2453,32.981092,8.177,122.29
2454,32.988678,7.586,131.82
2455,32.995146,6.468,154.62
2456,33.002920,7.774,128.64
2457,33.013062,10.142,98.60
2458,33.020340,7.278,137.41
2459,33.028678,8.338,119.93
2460,33.036875,8.198,121.99
2461,33.046773,9.897,101.04
2462,33.053089,6.317,158.31
2463,33.059511,6.421,155.73
2464,33.067973,8.462,118.17
2465,33.075048,7.076,141.33
2466,33.083696,8.647,115.64
2467,33.092140,8.444,118.43
2468,33.099894,7.754,128.97
2469,33.107476,7.583,131.88
2470,33.113667,6.191,161.53
2471,33.122867,9.200,108.69
2472,33.131719,8.852,112.97
2473,33.139328,7.609,131.43
2474,33.147121,7.793,128.31
2475,33.156506,9.385,106.55
2476,33.166766,10.260,97.46
2477,33.177161,10.394,96.21
2478,33.186535,9.374,106.68
2479,33.195583,9.049,110.51
2480,33.200906,5.323,187.87
2481,33.208841,7.935,126.02
2482,33.216729,7.888,126.78
2483,33.223985,7.256,137.82
2484,33.230842,6.857,145.83
2485,33.238796,7.954,125.73
2486,33.246662,7.866,127.13
2487,33.253642,6.980,143.27
2488,33.261506,7.864,127.17
2489,33.270434,8.928,112.01
2490,33.277617,7.183,139.22
2491,33.285784,8.167,122.44
2492,33.293992,8.208,121.83
2493,33.302515,8.522,117.34
2494,33.310511,7.996,125.06
2495,33.317477,6.967,143.54
2496,33.326915,9.438,105.95
2497,33.335996,9.081,110.12
2498,33.344841,8.845,113.06
2499,33.353569,8.728,114.57
2500,33.358287,4.718,211.95
2501,33.368177,9.890,101.12
2502,33.377691,9.514,105.11
2503,33.385609,7.918,126.29
2504,33.394458,8.849,113.00
2505,33.401342,6.883,145.28
2506,33.408031,6.689,149.50
2507,33.416010,7.979,125.32
2508,33.422430,6.420,155.76
2509,33.432127,9.697,103.12
2510,33.440687,8.560,116.82
2511,33.448674,7.986,125.22
2512,33.455742,7.068,141.48
2513,33.462429,6.688,149.53
2514,33.471515,9.086,110.06
2515,33.477808,6.293,158.91
2516,33.485931,8.123,123.11
2517,33.492937,7.006,142.73
2518,33.500434,7.497,133.38
2519,33.508681,8.247,121.25
2520,33.516184,7.503,133.28
2521,33.524194,8.010,124.84
2522,33.533162,8.967,111.52
2523,33.541473,8.312,120.31
2524,33.550582,9.108,109.79
2525,33.558910,8.328,120.08
2526,33.565640,6.731,148.57
2527,33.574360,8.720,114.68
2528,33.582665,8.304,120.42
2529,33.590413,7.748,129.07
2530,33.596690,6.277,159.30
2531,33.605077,8.387,119.23
2532,33.613146,8.069,123.93
2533,33.621366,8.220,121.65
2534,33.629446,8.080,123.76
2535,33.637666,8.220,121.66
2536,33.645064,7.398,135.17
2537,33.651012,5.948,168.12
2538,33.658154,7.142,140.01
2539,33.666368,8.214,121.75
2540,33.674642,8.274,120.86
2541,33.682180,7.537,132.67
2542,33.688154,5.974,167.39
2543,33.695571,7.417,134.83
2544,33.703935,8.364,119.56
2545,33.712121,8.186,122.16
2546,33.718338,6.217,160.85
2547,33.728655,10.317,96.92
2548,33.737581,8.926,112.03
2549,33.745337,7.757,128.92
2550,33.752700,7.362,135.82
2551,33.761158,8.458,118.23
2552,33.767776,6.617,151.12
2553,33.775348,7.573,132.05
2554,33.782751,7.403,135.08
2555,33.790598,7.847,127.44
2556,33.799794,9.196,108.75
2557,33.809169,9.376,106.66
2558,33.816004,6.834,146.32
2559,33.823044,7.040,142.04
2560,33.831026,7.982,125.29
2561,33.857129,26.103,38.31
2562,33.864817,7.689,130.06
2563,33.874083,9.266,107.92
2564,33.882519,8.436,118.54
2565,33.889644,7.125,140.35
2566,33.898354,8.710,114.81
2567,33.907364,9.010,110.98
2568,33.916656,9.291,107.63
2569,33.922508,5.853,170.86
2570,33.929901,7.392,135.27
2571,33.936348,6.447,155.11
2572,33.942486,6.138,162.93
2573,33.950818,8.332,120.02
2574,33.956862,6.044,165.44
2575,33.966114,9.252,108.08
2576,33.975247,9.132,109.50
2577,33.982331,7.085,141.15
2578,33.992323,9.992,100.08
2579,33.999408,7.086,141.13
2580,34.006050,6.642,150.56
2581,34.012801,6.750,148.14
2582,34.020995,8.194,122.04
2583,34.029646,8.651,115.59
2584,34.036345,6.699,149.28
2585,34.042521,6.177,161.90
2586,34.049454,6.933,144.25
2587,34.055623,6.169,162.09
2588,34.064370,8.746,114.33
2589,34.073416,9.046,110.54
2590,34.080575,7.159,139.68
2591,34.090084,9.509,105.17
2592,34.096762,6.678,149.75
2593,34.106853,10.092,99.09
2594,34.115267,8.414,118.86
2595,34.120975,5.708,175.21
2596,34.129371,8.396,119.10
2597,34.137952,8.581,116.53
2598,34.145241,7.289,137.19
2599,34.154395,9.153,109.25
2600,34.162216,7.821,127.86
2601,34.168801,6.585,151.85
2602,34.174803,6.002,166.61
2603,34.180838,6.035,165.70
2604,34.189321,8.483,117.88
2605,34.196444,7.123,140.38
2606,34.203364,6.919,144.52
2607,34.213215,9.852,101.51
2608,34.221074,7.858,127.25
2609,34.229295,8.221,121.63
2610,34.237618,8.323,120.14
2611,34.244909,7.291,137.16
2612,34.254666,9.757,102.50
2613,34.262337,7.671,130.36
2614,34.269970,7.633,131.01
2615,34.277209,7.239,138.15
2616,34.285901,8.692,115.04
2617,34.294927,9.026,110.79
2618,34.302221,7.293,137.11
2619,34.310748,8.527,117.28
2620,34.316559,5.811,172.09
2621,34.324193,7.634,130.99
2622,34.331623,7.430,134.58
2623,34.338718,7.095,140.95
2624,34.346558,7.841,127.54
2625,34.354360,7.801,128.18
2626,34.360318,5.958,167.83
2627,34.367702,7.384,135.43
2628,34.374938,7.236,138.21
2629,34.383641,8.703,114.90
2630,34.391175,7.534,132.74
2631,34.400929,9.754,102.52
2632,34.409176,8.247,121.25
2633,34.416140,6.964,143.61
2634,34.423402,7.262,137.69
2635,34.430776,7.374,135.61
2636,34.437276,6.500,153.85
2637,34.443492,6.217,160.86
2638,34.452620,9.128,109.55
2639,34.459492,6.872,145.53
2640,34.466742,7.250,137.93
2641,34.472704,5.962,167.74
2642,34.481260,8.556,116.88
2643,34.488551,7.291,137.15
2644,34.497353,8.802,113.61
2645,34.505198,7.845,127.47
2646,34.513671,8.473,118.03
2647,34.522708,9.037,110.66
2648,34.530552,7.844,127.49
2649,34.538091,7.539,132.64
2650,34.546618,8.527,117.27
2651,34.554309,7.692,130.01
2652,34.563066,8.757,114.19
2653,34.570384,7.318,136.66
2654,34.577765,7.381,135.49
2655,34.584572,6.807,146.90
2656,34.592177,7.605,131.49
2657,34.598388,6.210,161.02
2658,34.607110,8.722,114.65
2659,34.613357,6.247,160.08
2660,34.620272,6.916,144.60
2661,34.626664,6.391,156.46
2662,34.633526,6.862,145.72
2663,34.640338,6.812,146.79
2664,34.647466,7.128,140.29
2665,34.654551,7.085,141.14
2666,34.660051,5.500,181.83
2667,34.667217,7.166,139.54
2668,34.673599,6.382,156.69
2669,34.680354,6.755,148.04
2670,34.687291,6.937,144.16
2671,34.693756,6.465,154.69
2672,34.703196,9.441,105.93
2673,34.709790,6.594,151.66
2674,34.718442,8.652,115.58
2675,34.725644,7.202,138.85
2676,34.733575,7.931,126.09
2677,34.741050,7.476,133.77
2678,34.748237,7.187,139.15
2679,34.755658,7.421,134.76
2680,34.763568,7.910,126.42
2681,34.770090,6.523,153.31
2682,34.776706,6.616,151.15
2683,34.781482,4.776,209.38
2684,34.788079,6.596,151.60
2685,34.797233,9.154,109.24
2686,34.806258,9.024,110.81
2687,34.815009,8.752,114.26
2688,34.823454,8.444,118.42
2689,34.830379,6.925,144.40
2690,34.838956,8.578,116.58
2691,34.845780,6.824,146.55
2692,34.853860,8.080,123.76
2693,34.861834,7.974,125.41
2694,34.869518,7.684,130.14
2695,34.877469,7.951,125.77
2696,34.884431,6.962,143.64
2697,34.893433,9.002,111.09
2698,34.903180,9.747,102.60
2699,34.911016,7.836,127.62
2700,34.919084,8.069,123.94
2701,34.925053,5.969,167.54
2702,34.933439,8.386,119.25
2703,34.941884,8.445,118.41
2704,34.950204,8.320,120.19
2705,34.957689,7.485,133.60
2706,34.967290,9.600,104.16
2707,34.975644,8.354,119.70
2708,34.984932,9.288,107.66
2709,34.993066,8.133,122.95
2710,35.000508,7.442,134.37
2711,35.009621,9.113,109.73
2712,35.035818,26.197,38.17
2713,35.043781,7.963,125.57
2714,35.049289,5.507,181.58
2715,35.056004,6.716,148.90
2716,35.063544,7.539,132.64
2717,35.069083,5.539,180.52
2718,35.074101,5.018,199.29
2719,35.083240,9.139,109.42
2720,35.090241,7.001,142.83
2721,35.096169,5.928,168.69
2722,35.106463,10.294,97.14
2723,35.115149,8.685,115.13
2724,35.121273,6.125,163.27
2725,35.129467,8.194,122.04
2726,35.138049,8.582,116.53
2727,35.144543,6.494,153.98
2728,35.151921,7.378,135.54
2729,35.159879,7.958,125.67
2730,35.164566,4.687,213.34
2731,35.174169,9.602,104.14
2732,35.182101,7.933,126.06
2733,35.189219,7.118,140.49
2734,35.197555,8.336,119.97
2735,35.205441,7.886,126.81
2736,35.213382,7.941,125.93
2737,35.222025,8.643,115.69
2738,35.229808,7.783,128.48
2739,35.237489,7.681,130.20
2740,35.245659,8.170,122.40
2741,35.252750,7.092,141.01
2742,35.260825,8.074,123.85
2743,35.269032,8.208,121.84
2744,35.277870,8.837,113.16
2745,35.283323,5.454,183.37
2746,35.290216,6.893,145.07
2747,35.296843,6.627,150.91
2748,35.304677,7.833,127.66
2749,35.311452,6.775,147.60
2750,35.320543,9.091,110.00
2751,35.326839,6.296,158.83
2752,35.334464,7.625,131.15
2753,35.341203,6.739,148.39
2754,35.349923,8.720,114.68
2755,35.358116,8.193,122.05
2756,35.364829,6.713,148.97
2757,35.374322,9.493,105.34
2758,35.384274,9.952,100.48
2759,35.393044,8.770,114.03
2760,35.400853,7.809,128.06
2761,35.407779,6.926,144.38
2762,35.413680,5.901,169.46
2763,35.420598,6.918,144.55
2764,35.427911,7.313,136.74
2765,35.432489,4.577,218.47
2766,35.440495,8.007,124.90
2767,35.447731,7.236,138.20
2768,35.454283,6.552,152.63
2769,35.461690,7.407,135.00
2770,35.471076,9.386,106.54
2771,35.478270,7.194,139.01
2772,35.485729,7.460,134.06
2773,35.492523,6.794,147.19
2774,35.502171,9.648,103.64
2775,35.509075,6.903,144.86
2776,35.517198,8.124,123.09
2777,35.527544,10.345,96.66
2778,35.537796,10.252,97.54
2779,35.545496,7.700,129.87
2780,35.552035,6.539,152.93
2781,35.560363,8.328,120.08
2782,35.570596,10.234,97.72
2783,35.577714,7.118,140.49
2784,35.587314,9.600,104.17
2785,35.594702,7.388,135.35
2786,35.602308,7.606,131.48
2787,35.609540,7.233,138.26
2788,35.617581,8.041,124.36
2789,35.626480,8.899,112.38
2790,35.634899,8.419,118.78
2791,35.642718,7.818,127.91
2792,35.647884,5.166,193.57
2793,35.655756,7.873,127.02
2794,35.664160,8.404,119.00
2795,35.671377,7.217,138.57
2796,35.677863,6.487,154.17
2797,35.686729,8.866,112.79
2798,35.694464,7.734,129.30
2799,35.702910,8.446,118.40
2800,35.710814,7.904,126.52
2801,35.717850,7.037,142.11
2802,35.727345,9.495,105.32
2803,35.736198,8.853,112.96
2804,35.744480,8.283,120.73
2805,35.752264,7.784,128.47
2806,35.758096,5.832,171.47
2807,35.766235,8.139,122.87
2808,35.773427,7.192,139.04
2809,35.781357,7.931,126.09
2810,35.789254,7.897,126.63
2811,35.797114,7.860,127.23
2812,35.807019,9.905,100.96
2813,35.814039,7.020,142.45
2814,35.822189,8.150,122.70
2815,35.830245,8.056,124.13
2816,35.837997,7.752,129.00
2817,35.845520,7.523,132.92
2818,35.855452,9.932,100.69
2819,35.863439,7.987,125.21
2820,35.870116,6.677,149.77
2821,35.876876,6.760,147.92
2822,35.885095,8.220,121.66
2823,35.894102,9.007,111.03
2824,35.902789,8.687,115.12
2825,35.910481,7.692,130.00
2826,35.916451,5.970,167.50
2827,35.922810,6.358,157.27
2828,35.931534,8.724,114.62
2829,35.939528,7.994,125.10
2830,35.946426,6.898,144.97
2831,35.953203,6.777,147.55
2832,35.961842,8.639,115.76
2833,35.969637,7.795,128.29
2834,35.977792,8.155,122.62
2835,35.984728,6.936,144.17
2836,35.993491,8.763,114.11
2837,36.000981,7.490,133.52
2838,36.010949,9.968,100.32
2839,36.018171,7.223,138.45
2840,36.027150,8.979,111.37
2841,36.034177,7.027,142.30
2842,36.041065,6.887,145.20
2843,36.048149,7.084,141.15
2844,36.055835,7.686,130.11
2845,36.065579,9.744,102.62
2846,36.073843,8.264,121.00
2847,36.080730,6.887,145.21
2848,36.089644,8.914,112.18
2849,36.098165,8.521,117.36
2850,36.106473,8.308,120.37
2851,36.114067,7.593,131.69
2852,36.123203,9.136,109.46
2853,36.132572,9.369,106.73
2854,36.139568,6.995,142.95
2855,36.145232,5.664,176.54
2856,36.150893,5.661,176.65
2857,36.159602,8.709,114.82
2858,36.168081,8.479,117.94
2859,36.177303,9.223,108.43
2860,36.185466,8.162,122.51
2861,36.192084,6.618,151.10
2862,36.200012,7.928,126.13
2863,36.226956,26.944,37.11
2864,36.235737,8.781,113.89
2865,36.241516,5.779,173.03
2866,36.248529,7.013,142.59
2867,36.256892,8.363,119.57
2868,36.263132,6.240,160.27
2869,36.272695,9.564,104.56
2870,36.279958,7.262,137.69
2871,36.286828,6.870,145.56
2872,36.296307,9.479,105.50
2873,36.306801,10.494,95.29
2874,36.315323,8.522,117.34
2875,36.325640,10.317,96.93
2876,36.333381,7.741,129.19
2877,36.341131,7.751,129.02
2878,36.348954,7.823,127.82
2879,36.354486,5.531,180.79
2880,36.361487,7.001,142.83
2881,36.368129,6.642,150.55
2882,36.376883,8.754,114.24
2883,36.385023,8.140,122.85
2884,36.393457,8.434,118.57
2885,36.402716,9.259,108.01
2886,36.407250,4.535,220.51
2887,36.414480,7.230,138.31
2888,36.423821,9.340,107.06
2889,36.432403,8.582,116.52
2890,36.438116,5.713,175.03
2891,36.445838,7.722,129.50
2892,36.454821,8.984,111.31
2893,36.462220,7.398,135.16
2894,36.470295,8.075,123.83
2895,36.477937,7.641,130.86
2896,36.485633,7.696,129.93
2897,36.493209,7.576,131.99
2898,36.500503,7.294,137.11
2899,36.507840,7.337,136.29
2900,36.514595,6.755,148.04
2901,36.522806,8.211,121.78
2902,36.530655,7.849,127.40
2903,36.536957,6.302,158.68
2904,36.542825,5.868,170.41
2905,36.549146,6.321,158.21
2906,36.558605,9.459,105.72
2907,36.566838,8.234,121.45
2908,36.575021,8.182,122.21
2909,36.584756,9.736,102.71
2910,36.594236,9.479,105.49
2911,36.603533,9.297,107.56
2912,36.613344,9.811,101.92
2913,36.621717,8.373,119.42
2914,36.630874,9.156,109.21
2915,36.639323,8.449,118.36
2916,36.645610,6.287,159.06
2917,36.654705,9.095,109.95
2918,36.664349,9.644,103.69
2919,36.671297,6.948,143.93
2920,36.679947,8.650,115.61
2921,36.688629,8.682,115.18
2922,36.696439,7.810,128.05
2923,36.704107,7.668,130.41
2924,36.713107,9.000,111.11
2925,36.721717,8.610,116.14
2926,36.729486,7.769,128.71
2927,36.736792,7.306,136.88
2928,36.745079,8.287,120.68
2929,36.751941,6.862,145.73
2930,36.759483,7.542,132.59
2931,36.768383,8.900,112.36
2932,36.775691,7.309,136.82
2933,36.782344,6.653,150.32
2934,36.789863,7.519,133.00
2935,36.800086,10.223,97.81
2936,36.806452,6.366,157.08
2937,36.814018,7.566,132.17
2938,36.822129,8.110,123.30
2939,36.831119,8.990,111.23
2940,36.836765,5.646,177.11
2941,36.845334,8.569,116.70
2942,36.851878,6.544,152.81
2943,36.857889,6.011,166.37
2944,36.864912,7.024,142.37
2945,36.872935,8.023,124.64
2946,36.880032,7.096,140.92
2947,36.887380,7.349,136.07
2948,36.898026,10.645,93.94
2949,36.906096,8.070,123.92
2950,36.915019,8.924,112.06
2951,36.923912,8.893,112.45
2952,36.931036,7.124,140.37
2953,36.938238,7.202,138.84
2954,36.946562,8.324,120.14
2955,36.954706,8.144,122.79
2956,36.964328,9.621,103.94
2957,36.971384,7.056,141.73
2958,36.980011,8.627,115.91
2959,36.988174,8.163,122.51
2960,36.996998,8.824,113.33
2961,37.005295,8.298,120.52
2962,37.012728,7.433,134.54
2963,37.021427,8.699,114.95
2964,37.028116,6.689,149.51
2965,37.036217,8.101,123.44
2966,37.046054,9.837,101.66
2967,37.051775,5.722,174.77
2968,37.060015,8.240,121.36
2969,37.067154,7.139,140.07
2970,37.074379,7.224,138.42
2971,37.082476,8.097,123.50
2972,37.091613,9.137,109.44
2973,37.100331,8.719,114.70
2974,37.107204,6.872,145.51
2975,37.113808,6.604,151.41
2976,37.123028,9.219,108.47
2977,37.128604,5.576,179.34
2978,37.135712,7.108,140.69
2979,37.144321,8.610,116.15
2980,37.152335,8.014,124.78
2981,37.159971,7.636,130.96
2982,37.168621,8.650,115.61
2983,37.177190,8.569,116.70
2984,37.185304,8.114,123.24
2985,37.193801,8.496,117.70
2986,37.202884,9.083,110.10
2987,37.211264,8.380,119.33
2988,37.218950,7.686,130.10
2989,37.226609,7.658,130.58
2990,37.234244,7.635,130.98
2991,37.239627,5.383,185.76
2992,37.248700,9.074,110.21
2993,37.256942,8.242,121.34
2994,37.265981,9.039,110.63
2995,37.272961,6.980,143.26
2996,37.279405,6.444,155.19
2997,37.286621,7.216,138.59
2998,37.294988,8.367,119.52
2999,37.301125,6.137,162.94
3000,37.309529,8.404,118.99
3001,37.315006,5.476,182.61
3002,37.323440,8.435,118.56
3003,37.328708,5.268,189.83
3004,37.337789,9.081,110.12
3005,37.345199,7.410,134.96
3006,37.353185,7.987,125.21
3007,37.362822,9.637,103.77
3008,37.368877,6.055,165.15
3009,37.375165,6.287,159.05
3010,37.383844,8.680,115.21
3011,37.391144,7.300,136.99
3012,37.397691,6.547,152.74
3013,37.404920,7.229,138.34
3014,37.434586,29.667,33.71
3015,37.442999,8.412,118.87
3016,37.448864,5.865,170.49
3017,37.456465,7.601,131.56
3018,37.465171,8.705,114.87
3019,37.473479,8.309,120.36
3020,37.481773,8.294,120.57
3021,37.488804,7.031,142.22
3022,37.495954,7.149,139.87
3023,37.502610,6.657,150.23
3024,37.509552,6.941,144.06
3025,37.516534,6.982,143.22
3026,37.523600,7.066,141.53
3027,37.531819,8.219,121.67
3028,37.541474,9.655,103.57
3029,37.547488,6.015,166.26
3030,37.557517,10.029,99.72
3031,37.565685,8.168,122.42
3032,37.571951,6.265,159.61
3033,37.579572,7.621,131.22
3034,37.588320,8.748,114.31
3035,37.595013,6.693,149.41
3036,37.603597,8.584,116.50
3037,37.612765,9.168,109.07
3038,37.620523,7.759,128.89
3039,37.629031,8.507,117.55
3040,37.637550,8.519,117.38
3041,37.647513,9.963,100.37
3042,37.656333,8.820,113.38
3043,37.665325,8.992,111.21
3044,37.671806,6.481,154.29
3045,37.679675,7.869,127.07
3046,37.686147,6.471,154.53
3047,37.695052,8.906,112.29
3048,37.703680,8.627,115.91
3049,37.712364,8.684,115.15
3050,37.719718,7.354,135.98
3051,37.727764,8.046,124.29
3052,37.736521,8.757,114.20
3053,37.743231,6.710,149.03
3054,37.753079,9.848,101.55
3055,37.758808,5.730,174.53
3056,37.766192,7.384,135.43
3057,37.774045,7.853,127.34
3058,37.780220,6.175,161.95
3059,37.787066,6.846,146.08
3060,37.795665,8.599,116.29
3061,37.802348,6.683,149.64
3062,37.810197,7.849,127.40
3063,37.816562,6.365,157.12
3064,37.823643,7.081,141.22
3065,37.831891,8.248,121.25
3066,37.839834,7.944,125.89
3067,37.845402,5.568,179.60
3068,37.854007,8.605,116.21
3069,37.860790,6.782,147.44
3070,37.868862,8.073,123.88
3071,37.875052,6.190,161.56
3072,37.884251,9.199,108.71
3073,37.890408,6.157,162.41
3074,37.898254,7.846,127.45
3075,37.907019,8.766,114.08
3076,37.913498,6.479,154.35
3077,37.922299,8.801,113.62
3078,37.930063,7.764,128.80
3079,37.936177,6.113,163.57
3080,37.942423,6.247,160.08
3081,37.949599,7.176,139.36
3082,37.958320,8.721,114.67
3083,37.965025,6.706,149.13
3084,37.973552,8.526,117.29
3085,37.982443,8.892,112.47
3086,37.988439,5.996,166.77
3087,37.996499,8.060,124.07
3088,38.002840,6.341,157.71
3089,38.010555,7.715,129.62
3090,38.019436,8.881,112.60
3091,38.027779,8.343,119.86
3092,38.035576,7.798,128.24
3093,38.043422,7.846,127.46
3094,38.052366,8.944,111.81
3095,38.058489,6.123,163.33
3096,38.066634,8.146,122.76
3097,38.075050,8.415,118.83
3098,38.083046,7.996,125.06
3099,38.090238,7.192,139.05
3100,38.097308,7.071,141.43
3101,38.105782,8.474,118.01
3102,38.114536,8.754,114.24
3103,38.123229,8.693,115.04
3104,38.129925,6.696,149.34
3105,38.137327,7.402,135.09
3106,38.144335,7.008,142.70
3107,38.151945,7.610,131.41
3108,38.160271,8.326,120.11
3109,38.166964,6.693,149.40
3110,38.174225,7.261,137.72
3111,38.184023,9.798,102.07
3112,38.191535,7.513,133.11
3113,38.200021,8.486,117.84
3114,38.207880,7.859,127.25
3115,38.214805,6.924,144.42
3116,38.223342,8.538,117.13
3117,38.230038,6.696,149.34
3118,38.238266,8.228,121.54
3119,38.245844,7.578,131.96
3120,38.253659,7.814,127.97
3121,38.261581,7.923,126.22
3122,38.267657,6.076,164.58
3123,38.276834,9.177,108.97
3124,38.283643,6.809,146.86
3125,38.290373,6.730,148.59
3126,38.297178,6.805,146.96
3127,38.304317,7.140,140.06
3128,38.311500,7.182,139.23
3129,38.320775,9.275,107.81
3130,38.328680,7.905,126.51
3131,38.335718,7.038,142.09
3132,38.342262,6.545,152.80
3133,38.349508,7.246,138.01
3134,38.358273,8.765,114.09
3135,38.363695,5.422,184.43
3136,38.370445,6.750,148.14
3137,38.379033,8.587,116.45
3138,38.387116,8.084,123.70
3139,38.394413,7.297,137.05
3140,38.403398,8.984,111.31
3141,38.412608,9.210,108.57
3142,38.420337,7.729,129.38
3143,38.430387,10.050,99.51
3144,38.438217,7.831,127.70
3145,38.445334,7.116,140.52
3146,38.452682,7.348,136.09
3147,38.460665,7.983,125.26
3148,38.467624,6.959,143.71
3149,38.476276,8.653,115.57
3150,38.483696,7.420,134.76
3151,38.492308,8.611,116.13
3152,38.498014,5.706,175.25
3153,38.505903,7.889,126.75
3154,38.513865,7.961,125.61
3155,38.521380,7.516,133.05
3156,38.526968,5.588,178.96
3157,38.535466,8.498,117.68
3158,38.541978,6.512,153.55
3159,38.551431,9.452,105.80
3160,38.559430,8.000,125.01
3161,38.565984,6.554,152.57
3162,38.572850,6.866,145.65
3163,38.582412,9.562,104.58
3164,38.588605,6.193,161.46
3165,38.616695,28.090,35.60
3166,38.625313,8.618,116.03
3167,38.633981,8.667,115.38
3168,38.641239,7.259,137.77
3169,38.651332,10.092,99.08
3170,38.660066,8.734,114.49
3171,38.668607,8.541,117.08
3172,38.675427,6.819,146.64
3173,38.682196,6.770,147.72
3174,38.688901,6.705,149.14
3175,38.697421,8.520,117.37
3176,38.705982,8.561,116.81
3177,38.712125,6.142,162.80
3178,38.720689,8.564,116.76
3179,38.730157,9.468,105.62
3180,38.737907,7.750,129.02
3181,38.744657,6.750,148.15
3182,38.753406,8.749,114.30
3183,38.760027,6.621,151.04
3184,38.767850,7.823,127.83
3185,38.776338,8.489,117.81
3186,38.786637,10.298,97.10
3187,38.795144,8.507,117.55
3188,38.803048,7.904,126.51
3189,38.811016,7.967,125.51
3190,38.817775,6.760,147.94
3191,38.825118,7.342,136.19
3192,38.832724,7.606,131.47
3193,38.840999,8.275,120.84
3194,38.849491,8.492,117.75
3195,38.857296,7.804,128.14
3196,38.865528,8.232,121.48
3197,38.873106,7.578,131.95
3198,38.882374,9.268,107.90
3199,38.890474,8.100,123.45
3200,38.900081,9.607,104.09
3201,38.907421,7.340,136.25
3202,38.915805,8.385,119.26
3203,38.923264,7.458,134.08
3204,38.931078,7.815,127.97
3205,38.939362,8.284,120.72
3206,38.948163,8.801,113.62
3207,38.955875,7.712,129.67
3208,38.962922,7.047,141.90
3209,38.967234,4.312,231.93
3210,38.976692,9.458,105.73
3211,38.982651,5.959,167.80
3212,38.988527,5.876,170.20
3213,38.996288,7.761,128.84
3214,39.003149,6.861,145.75
3215,39.010885,7.735,129.28
3216,39.018147,7.263,137.69
3217,39.026814,8.667,115.39
3218,39.034791,7.977,125.36
3219,39.043152,8.361,119.60
3220,39.050229,7.076,141.31
3221,39.059305,9.077,110.17
3222,39.068149,8.844,113.07
3223,39.076177,8.028,124.57
3224,39.082377,6.200,161.29
3225,39.089635,7.258,137.77
3226,39.099245,9.610,104.06
3227,39.106259,7.014,142.57
3228,39.114257,7.998,125.03
3229,39.121755,7.498,133.37
3230,39.130559,8.804,113.59
3231,39.137610,7.051,141.83
3232,39.145982,8.373,119.44
3233,39.153904,7.922,126.22
3234,39.162308,8.403,119.00
3235,39.170374,8.066,123.98
3236,39.179527,9.153,109.25
3237,39.185904,6.378,156.80
3238,39.194733,8.829,113.26
3239,39.202542,7.809,128.06
3240,39.210386,7.844,127.49
3241,39.217362,6.976,143.35
3242,39.226115,8.753,114.25
3243,39.232662,6.547,152.74
3244,39.239831,7.168,139.50
3245,39.246585,6.754,148.06
3246,39.253109,6.524,153.27
3247,39.262266,9.157,109.21
3248,39.272401,10.135,98.67
3249,39.279808,7.407,135.01
3250,39.287253,7.445,134.32
3251,39.293845,6.593,151.68
3252,39.298666,4.821,207.44
3253,39.308677,10.011,99.89
3254,39.316003,7.326,136.50
3255,39.321598,5.595,178.72
3256,39.329169,7.571,132.09
3257,39.340066,10.898,91.76
3258,39.347305,7.238,138.16
3259,39.353523,6.218,160.82
3260,39.361393,7.870,127.07
3261,39.368500,7.108,140.69
3262,39.375783,7.283,137.31
3263,39.384283,8.500,117.65
3264,39.393974,9.692,103.18
3265,39.403660,9.686,103.24
3266,39.410513,6.852,145.94
3267,39.418161,7.648,130.75
3268,39.426198,8.037,124.42
3269,39.434931,8.733,114.51
3270,39.441559,6.628,150.87
3271,39.450661,9.102,109.87
3272,39.460115,9.454,105.77
3273,39.467293,7.178,139.31
3274,39.474278,6.985,143.17
3275,39.480920,6.642,150.55
3276,39.487500,6.580,151.97
3277,39.492995,5.495,181.98
3278,39.500110,7.115,140.55
3279,39.506587,6.477,154.39
3280,39.516142,9.555,104.66
3281,39.524094,7.952,125.76
3282,39.530479,6.385,156.61
3283,39.541780,11.301,88.49
3284,39.550736,8.956,111.66
3285,39.557631,6.895,145.03
3286,39.564055,6.423,155.68
3287,39.573951,9.896,101.05
3288,39.579791,5.840,171.23
3289,39.587961,8.170,122.40
3290,39.596478,8.516,117.42
3291,39.602915,6.437,155.34
3292,39.610308,7.393,135.27
3293,39.618545,8.238,121.40
3294,39.625009,6.463,154.72
3295,39.632899,7.891,126.73
3296,39.641410,8.511,117.50
3297,39.650121,8.711,114.80
3298,39.657381,7.260,137.74
3299,39.666413,9.032,110.71
3300,39.673485,7.072,141.40
3301,39.682139,8.654,115.55
3302,39.690124,7.985,125.24
3303,39.698185,8.061,124.05
3304,39.706627,8.442,118.46
3305,39.713939,7.311,136.77
3306,39.721863,7.924,126.20
3307,39.728282,6.419,155.78
3308,39.735910,7.628,131.10
3309,39.744722,8.812,113.48
3310,39.752666,7.945,125.87
3311,39.758979,6.313,158.40
3312,39.766624,7.645,130.81
3313,39.771538,4.914,203.50
3314,39.779144,7.606,131.48
3315,39.787261,8.117,123.20
3316,39.822145,34.884,28.67
3317,39.829751,7.606,131.48
3318,39.839473,9.722,102.85
3319,39.847747,8.273,120.87
3320,39.855593,7.847,127.44
3321,39.861279,5.686,175.87
3322,39.869122,7.843,127.51
3323,39.877411,8.289,120.64
3324,39.883414,6.003,166.59
3325,39.890632,7.218,138.55
3326,39.897792,7.160,139.66
3327,39.906809,9.017,110.90
3328,39.915150,8.341,119.89
3329,39.923155,8.005,124.92
3330,39.928428,5.273,189.64
3331,39.935358,6.930,144.30
3332,39.942592,7.234,138.24
3333,39.950287,7.695,129.95
3334,39.955496,5.209,191.97
3335,39.963298,7.801,128.18
3336,39.970718,7.421,134.76
3337,39.978270,7.552,132.42
3338,39.985815,7.545,132.55
3339,39.992221,6.406,156.10
3340,40.000043,7.822,127.84
3341,40.007036,6.993,143.01
3342,40.013965,6.930,144.31
3343,40.021337,7.372,135.65
3344,40.028998,7.661,130.53
3345,40.037409,8.411,118.89
3346,40.045324,7.914,126.36
3347,40.052577,7.253,137.87
3348,40.059757,7.180,139.28
3349,40.069927,10.169,98.33
3350,40.078731,8.805,113.57
3351,40.084884,6.152,162.54
3352,40.093786,8.903,112.33
3353,40.102889,9.103,109.85
3354,40.112704,9.815,101.89
3355,40.120331,7.627,131.12
3356,40.127435,7.105,140.75
3357,40.135913,8.477,117.96
3358,40.142356,6.443,155.21
3359,40.150299,7.944,125.89
3360,40.159173,8.873,112.70
3361,40.165478,6.305,158.60
3362,40.174844,9.366,106.77
3363,40.182227,7.383,135.45
3364,40.189995,7.769,128.72
3365,40.198807,8.811,113.49
3366,40.204705,5.898,169.56
3367,40.213724,9.019,110.87
3368,40.223508,9.783,102.21
3369,40.229055,5.548,180.26
3370,40.238526,9.471,105.58
3371,40.248204,9.678,103.33
3372,40.256583,8.378,119.35
3373,40.262980,6.398,156.30
3374,40.271230,8.250,121.21
3375,40.279520,8.290,120.63
3376,40.287848,8.328,120.07
3377,40.295631,7.783,128.48
3378,40.304313,8.682,115.18
3379,40.314001,9.688,103.22
3380,40.321929,7.928,126.14
3381,40.328294,6.365,157.10
3382,40.335877,7.583,131.87
3383,40.342602,6.725,148.69
3384,40.351576,8.973,111.44
3385,40.361477,9.901,101.00
3386,40.369567,8.090,123.61
3387,40.375329,5.762,173.57
3388,40.384924,9.595,104.22
3389,40.391484,6.560,152.43
3390,40.399250,7.765,128.78
3391,40.407151,7.901,126.57
3392,40.415706,8.556,116.88
3393,40.422276,6.570,152.21
3394,40.429567,7.291,137.16
3395,40.435837,6.270,159.49
3396,40.443646,7.809,128.06
3397,40.452347,8.701,114.93
3398,40.460084,7.737,129.25
3399,40.469014,8.931,111.98
3400,40.477470,8.456,118.26
3401,40.486027,8.557,116.86
3402,40.494069,8.041,124.36
3403,40.500848,6.780,147.50
3404,40.507865,7.017,142.51
3405,40.516513,8.648,115.64
3406,40.523894,7.381,135.48
3407,40.531802,7.907,126.47
3408,40.538522,6.721,148.79
3409,40.546002,7.479,133.70
3410,40.553948,7.946,125.85
3411,40.562212,8.265,121.00
3412,40.569789,7.576,131.99
3413,40.576084,6.296,158.84
3414,40.583922,7.838,127.59
3415,40.592565,8.643,115.70
3416,40.600964,8.399,119.06
3417,40.606132,5.168,193.51
3418,40.613397,7.266,137.64
3419,40.619846,6.448,155.09
3420,40.628207,8.362,119.60
3421,40.635962,7.755,128.95
3422,40.644535,8.573,116.64
3423,40.653472,8.937,111.90
3424,40.659920,6.448,155.09
3425,40.668528,8.608,116.17
3426,40.676249,7.721,129.51
3427,40.684472,8.224,121.60
3428,40.690615,6.143,162.79
3429,40.696663,6.048,165.35
3430,40.703347,6.684,149.60
3431,40.711148,7.801,128.19
3432,40.719368,8.219,121.66
3433,40.726100,6.732,148.55
3434,40.733709,7.609,131.42
3435,40.740548,6.839,146.23
3436,40.748014,7.467,133.92
3437,40.755877,7.862,127.19
3438,40.761782,5.905,169.35
3439,40.770248,8.466,118.12
3440,40.777169,6.921,144.50
3441,40.784431,7.263,137.69
3442,40.790167,5.735,174.36
3443,40.796366,6.200,161.30
3444,40.804341,7.974,125.40
3445,40.811999,7.659,130.57
3446,40.820206,8.207,121.85
3447,40.827600,7.394,135.24
3448,40.836242,8.642,115.72
3449,40.843574,7.332,136.39
3450,40.850875,7.301,136.97
3451,40.857813,6.938,144.13
3452,40.865052,7.239,138.14
3453,40.872356,7.305,136.90
3454,40.881380,9.024,110.82
3455,40.888573,7.193,139.02
3456,40.894846,6.272,159.43
3457,40.902418,7.572,132.06
3458,40.910460,8.042,124.34
3459,40.918683,8.224,121.60
3460,40.926079,7.396,135.22
3461,40.933173,7.094,140.97
3462,40.940545,7.372,135.65
3463,40.946836,6.292,158.94
3464,40.955484,8.648,115.63
3465,40.964401,8.917,112.15
3466,40.971653,7.251,137.91
3467,40.996366,24.713,40.46
3468,41.005265,8.900,112.37
3469,41.012338,7.072,141.39
3470,41.020379,8.041,124.36
3471,41.027469,7.090,141.04
3472,41.035780,8.311,120.32
3473,41.043460,7.679,130.22
3474,41.052391,8.931,111.97
3475,41.058337,5.946,168.19
3476,41.065595,7.258,137.78
3477,41.074931,9.336,107.11
3478,41.082379,7.449,134.25
3479,41.091398,9.018,110.89
3480,41.098712,7.315,136.71
3481,41.106400,7.687,130.08
3482,41.114664,8.265,121.00
3483,41.123079,8.414,118.84
3484,41.132308,9.229,108.35
3485,41.140956,8.648,115.64
3486,41.149503,8.547,117.00
3487,41.156583,7.080,141.24
3488,41.164472,7.889,126.76
3489,41.172876,8.403,119.00
3490,41.180598,7.723,129.49
3491,41.188199,7.600,131.57
3492,41.195416,7.218,138.55
3493,41.202027,6.611,151.27
3494,41.210391,8.364,119.56
3495,41.217970,7.579,131.95
3496,41.225515,7.545,132.54
3497,41.234290,8.776,113.95
3498,41.241670,7.380,135.50
3499,41.248809,7.138,140.09
3500,41.257347,8.538,117.12
3501,41.264760,7.413,134.89
3502,41.272602,7.842,127.52
3503,41.280677,8.075,123.83
3504,41.288546,7.868,127.09
3505,41.294560,6.015,166.26
3506,41.301561,7.001,142.84
3507,41.309049,7.488,133.54
3508,41.317782,8.733,114.51
3509,41.325926,8.144,122.79
3510,41.332765,6.839,146.23
3511,41.340203,7.438,134.45
3512,41.347516,7.313,136.74
3513,41.354460,6.944,144.00
3514,41.363271,8.811,113.50
3515,41.371217,7.946,125.85
3516,41.379808,8.590,116.41
3517,41.388167,8.359,119.63
3518,41.397564,9.397,106.42
3519,41.405933,8.369,119.48
3520,41.414892,8.959,111.62
3521,41.422764,7.872,127.04
3522,41.428690,5.926,168.74
3523,41.435804,7.114,140.57
3524,41.443681,7.877,126.95
3525,41.450867,7.186,139.17
3526,41.458158,7.291,137.15
3527,41.467147,8.989,111.25
3528,41.474700,7.553,132.39
3529,41.482196,7.496,133.41
3530,41.489146,6.950,143.89
3531,41.497135,7.989,125.17
3532,41.504146,7.010,142.65
3533,41.513423,9.277,107.79
3534,41.523938,10.516,95.10
3535,41.531643,7.704,129.80
3536,41.540569,8.926,112.03
3537,41.549623,9.054,110.45
3538,41.557489,7.866,127.13
3539,41.565916,8.427,118.66
3540,41.572907,6.992,143.03
3541,41.579330,6.423,155.70
3542,41.585948,6.618,151.11
3543,41.594053,8.105,123.37
3544,41.603991,9.938,100.63
3545,41.610439,6.448,155.10
3546,41.619322,8.883,112.57
3547,41.627189,7.867,127.11
3548,41.633430,6.241,160.24
3549,41.641596,8.166,122.45
3550,41.649908,8.312,120.31
3551,41.656528,6.620,151.05
3552,41.663017,6.489,154.11
3553,41.669931,6.914,144.64
3554,41.676647,6.716,148.89
3555,41.685430,8.783,113.86
3556,41.692561,7.131,140.23
3557,41.701707,9.146,109.33
3558,41.710501,8.794,113.71
3559,41.718108,7.606,131.47
3560,41.726659,8.551,116.94
3561,41.735370,8.711,114.80
3562,41.743534,8.164,122.48
3563,41.750778,7.244,138.04
3564,41.757324,6.546,152.76
3565,41.763312,5.987,167.02
3566,41.771828,8.516,117.43
3567,41.780967,9.139,109.42
3568,41.788073,7.106,140.73
3569,41.795173,7.100,140.85
3570,41.804023,8.850,112.99
3571,41.811724,7.701,129.85
3572,41.820205,8.481,117.90
3573,41.828316,8.111,123.29
3574,41.834461,6.145,162.73
3575,41.842532,8.070,123.91
3576,41.849314,6.782,147.45
3577,41.856059,6.745,148.25
3578,41.862932,6.873,145.51
3579,41.869429,6.497,153.92
3580,41.877404,7.975,125.39
3581,41.884771,7.367,135.74
3582,41.894454,9.682,103.28
3583,41.902577,8.124,123.09
3584,41.910786,8.209,121.82
3585,41.918617,7.831,127.69
3586,41.927773,9.155,109.22
3587,41.937975,10.202,98.02
3588,41.945744,7.769,128.72
3589,41.954194,8.450,118.35
3590,41.961812,7.618,131.26
3591,41.969886,8.074,123.86
3592,41.977101,7.215,138.60
3593,41.984465,7.365,135.78
3594,41.992521,8.055,124.14
3595,41.999484,6.964,143.60
3596,42.009009,9.524,105.00
3597,42.017984,8.975,111.42
3598,42.023200,5.216,191.73
3599,42.030946,7.747,129.08
3600,42.039670,8.724,114.63
3601,42.047652,7.982,125.28
3602,42.053801,6.149,162.62
3603,42.060360,6.558,152.48
3604,42.068017,7.658,130.59
3605,42.075007,6.989,143.07
3606,42.082635,7.629,131.09
3607,42.090445,7.810,128.04
3608,42.096256,5.810,172.11
3609,42.103713,7.458,134.09
3610,42.112910,9.197,108.73
3611,42.121499,8.589,116.43
3612,42.129661,8.162,122.52
3613,42.136677,7.016,142.54
3614,42.145165,8.488,117.82
3615,42.153544,8.379,119.34
3616,42.162617,9.073,110.21
3617,42.170871,8.254,121.16
3618,42.198810,27.940,35.79
3619,42.207729,8.919,112.13
3620,42.216543,8.814,113.45
3621,42.224098,7.555,132.36
3622,42.233503,9.405,106.33
3623,42.240890,7.387,135.38
3624,42.250192,9.302,107.50
3625,42.258521,8.330,120.06
3626,42.265698,7.177,139.34
3627,42.274211,8.513,117.47
3628,42.281744,7.533,132.75
3629,42.288962,7.218,138.54
3630,42.296276,7.314,136.73
3631,42.304343,8.067,123.96
3632,42.312134,7.791,128.35
3633,42.319742,7.608,131.44
3634,42.328600,8.858,112.89
3635,42.336447,7.847,127.43
3636,42.344856,8.409,118.93
3637,42.352677,7.822,127.85
3638,42.360358,7.681,130.20
3639,42.366963,6.605,151.40
3640,42.372612,5.649,177.03
3641,42.381155,8.543,117.06
3642,42.389415,8.260,121.07
3643,42.398134,8.719,114.69
3644,42.407045,8.911,112.22
3645,42.412274,5.229,191.23
3646,42.420132,7.857,127.27
3647,42.427662,7.530,132.79
3648,42.435551,7.889,126.77
3649,42.443512,7.961,125.61
3650,42.451870,8.358,119.64
3651,42.459789,7.919,126.28
3652,42.468018,8.229,121.52
3653,42.475506,7.488,133.54
3654,42.483853,8.347,119.80
3655,42.489540,5.687,175.83
3656,42.497560,8.019,124.70
3657,42.505021,7.461,134.03
3658,42.511966,6.945,143.99
3659,42.521270,9.304,107.48
3660,42.529060,7.790,128.37
3661,42.537597,8.537,117.13
3662,42.544675,7.078,141.29
3663,42.553382,8.707,114.85
3664,42.562267,8.885,112.55
3665,42.570456,8.189,122.12
3666,42.579692,9.237,108.26
3667,42.588301,8.609,116.16
3668,42.595586,7.284,137.28
3669,42.603964,8.379,119.35
3670,42.610768,6.804,146.97
3671,42.619307,8.539,117.12
3672,42.627445,8.138,122.88
3673,42.636241,8.796,113.69
3674,42.643162,6.922,144.47
3675,42.651165,8.003,124.96
3676,42.658703,7.538,132.66
3677,42.664758,6.055,165.15
3678,42.671123,6.365,157.11
3679,42.679827,8.704,114.89
3680,42.687090,7.263,137.68
3681,42.694334,7.244,138.05
3682,42.702313,7.979,125.33
3683,42.709749,7.436,134.48
3684,42.716893,7.144,139.98
3685,42.725617,8.724,114.62
3686,42.734755,9.138,109.43
3687,42.741712,6.957,143.74
3688,42.749114,7.401,135.11
3689,42.756002,6.888,145.18
3690,42.762387,6.385,156.61
3691,42.769448,7.061,141.62
3692,42.778002,8.554,116.90
3693,42.786206,8.204,121.89
3694,42.793741,7.535,132.72
3695,42.801637,7.895,126.66
3696,42.810221,8.585,116.48
3697,42.818521,8.300,120.49
3698,42.828128,9.607,104.09
3699,42.836696,8.568,116.71
3700,42.844655,7.959,125.64
3701,42.852881,8.226,121.57
3702,42.861526,8.645,115.67
3703,42.867724,6.198,161.35
3704,42.874845,7.121,140.43
3705,42.881451,6.606,151.38
3706,42.888189,6.738,148.41
3707,42.897150,8.961,111.60
3708,42.904861,7.711,129.68
3709,42.911946,7.085,141.14
3710,42.919589,7.642,130.85
3711,42.925719,6.130,163.13
3712,42.932973,7.254,137.85
3713,42.939957,6.983,143.20
3714,42.946911,6.954,143.80
3715,42.954237,7.327,136.49
3716,42.962440,8.203,121.91
3717,42.971240,8.800,113.63
3718,42.979091,7.850,127.38
3719,42.987812,8.721,114.67
3720,42.998092,10.280,97.28
3721,43.005040,6.948,143.92
3722,43.013978,8.939,111.87
3723,43.022167,8.188,122.13
3724,43.026733,4.566,219.00
3725,43.036809,10.077,99.24
3726,43.045358,8.548,116.98
3727,43.052459,7.101,140.82
3728,43.059561,7.102,140.80
3729,43.067293,7.732,129.33
3730,43.074385,7.092,141.00
3731,43.082944,8.558,116.85
3732,43.089417,6.473,154.48
3733,43.097594,8.177,122.29
3734,43.105016,7.421,134.74
3735,43.112413,7.397,135.19
3736,43.120318,7.905,126.50
3737,43.127403,7.085,141.15
3738,43.135325,7.922,126.23
3739,43.143963,8.639,115.76
3740,43.152618,8.654,115.55
3741,43.161698,9.080,110.13
3742,43.169658,7.960,125.62
3743,43.177440,7.782,128.50
3744,43.186227,8.786,113.81
3745,43.192931,6.704,149.16
3746,43.199823,6.892,145.09
3747,43.208209,8.386,119.25
3748,43.216568,8.359,119.63
3749,43.222022,5.454,183.34
3750,43.229781,7.759,128.88
3751,43.237781,8.000,125.01
3752,43.243696,5.915,169.06
3753,43.250682,6.986,143.14
3754,43.259345,8.663,115.44
3755,43.266285,6.940,144.09
3756,43.274188,7.903,126.53
3757,43.281090,6.902,144.88
3758,43.290412,9.322,107.28
3759,43.298710,8.298,120.52
3760,43.306073,7.363,135.81
3761,43.313389,7.316,136.68
3762,43.321710,8.321,120.17
3763,43.329122,7.412,134.92
3764,43.335286,6.164,162.23
3765,43.342510,7.223,138.44
3766,43.349136,6.626,150.91
3767,43.354728,5.592,178.83
3768,43.364626,9.898,101.03
3769,43.390175,25.548,39.14
3770,43.396209,6.034,165.72
3771,43.403825,7.616,131.30
3772,43.412584,8.758,114.18
3773,43.418519,5.935,168.48
3774,43.427169,8.650,115.61
3775,43.434474,7.305,136.88
3776,43.443254,8.779,113.90
3777,43.452037,8.783,113.85
3778,43.460937,8.900,112.36
3779,43.469717,8.780,113.90
3780,43.475362,5.645,177.15
3781,43.482541,7.179,139.29
3782,43.491921,9.380,106.62
3783,43.499710,7.789,128.38
3784,43.507334,7.624,131.17
3785,43.514316,6.983,143.21
3786,43.522323,8.007,124.90
3787,43.529169,6.846,146.08
3788,43.535912,6.743,148.29
3789,43.545362,9.450,105.82
3790,43.553979,8.617,116.05
3791,43.559667,5.688,175.82
3792,43.566603,6.937,144.16
3793,43.573206,6.603,151.45
3794,43.579580,6.373,156.91
3795,43.587705,8.126,123.07
3796,43.596052,8.347,119.81
3797,43.603070,7.018,142.48
3798,43.610669,7.599,131.59
3799,43.618468,7.798,128.24
3800,43.626072,7.605,131.50
3801,43.634996,8.924,112.06
3802,43.642985,7.989,125.17
3803,43.649648,6.663,150.08
3804,43.657930,8.282,120.75
3805,43.663980,6.050,165.29
3806,43.672055,8.075,123.84
3807,43.678570,6.515,153.50
3808,43.685124,6.555,152.57
3809,43.694144,9.019,110.87
3810,43.702995,8.851,112.98
3811,43.708543,5.548,180.24
3812,43.716337,7.794,128.30
3813,43.723934,7.597,131.64
3814,43.731012,7.078,141.28
3815,43.739950,8.938,111.88
3816,43.747860,7.910,126.42
3817,43.755902,8.042,124.35
3818,43.763258,7.357,135.93
3819,43.770061,6.803,147.00
3820,43.777020,6.959,143.70
3821,43.784808,7.788,128.40
3822,43.792276,7.468,133.90
3823,43.803098,10.822,92.41
3824,43.811441,8.343,119.87
3825,43.818754,7.313,136.74
3826,43.826600,7.846,127.46
3827,43.833505,6.905,144.82
3828,43.840338,6.833,146.35
3829,43.849870,9.532,104.91
3830,43.858068,8.198,121.99
3831,43.866993,8.926,112.04
3832,43.874046,7.052,141.80
3833,43.882782,8.737,114.46
3834,43.889107,6.325,158.11
3835,43.897461,8.354,119.71
3836,43.904161,6.700,149.26
3837,43.911696,7.536,132.70
3838,43.919818,8.122,123.12
3839,43.927821,8.003,124.95
3840,43.935976,8.155,122.62
3841,43.946831,10.854,92.13
3842,43.953511,6.680,149.70
3843,43.959437,5.926,168.74
3844,43.966316,6.879,145.37
3845,43.973702,7.386,135.39
3846,43.980339,6.637,150.68
3847,43.989907,9.568,104.51
3848,43.998285,8.378,119.36
3849,44.004137,5.852,170.89
3850,44.012023,7.886,126.81
3851,44.020050,8.027,124.58
3852,44.026776,6.727,148.66
3853,44.034567,7.791,128.36
3854,44.042886,8.319,120.20
3855,44.050280,7.394,135.25
3856,44.055965,5.685,175.90
3857,44.061636,5.671,176.33
3858,44.065729,4.093,244.34
3859,44.071367,5.638,177.37
3860,44.079951,8.584,116.49
3861,44.086464,6.513,153.54
3862,44.093833,7.370,135.69
3863,44.103085,9.252,108.09
3864,44.111641,8.556,116.88
3865,44.119950,8.309,120.35
3866,44.126727,6.777,147.56
3867,44.134030,7.303,136.93
3868,44.139964,5.935,168.50
3869,44.147773,7.808,128.07
3870,44.154638,6.866,145.65
3871,44.163288,8.650,115.61
3872,44.169178,5.890,169.77
3873,44.178369,9.191,108.81
3874,44.184205,5.836,171.36
3875,44.191086,6.882,145.32
3876,44.198469,7.382,135.46
3877,44.206159,7.691,130.03
3878,44.213419,7.259,137.75
3879,44.223275,9.856,101.46
3880,44.230699,7.425,134.68
3881,44.239763,9.063,110.33
3882,44.248628,8.865,112.80
3883,44.256195,7.568,132.14
3884,44.264302,8.107,123.35
3885,44.274185,9.882,101.19
3886,44.280585,6.400,156.24
3887,44.288983,8.398,119.07
3888,44.296486,7.503,133.29
3889,44.303202,6.716,148.91
3890,44.311967,8.766,114.08
3891,44.318085,6.117,163.48
3892,44.325821,7.737,129.26
3893,44.332476,6.655,150.27
3894,44.339213,6.738,148.42
3895,44.348403,9.189,108.82
3896,44.356339,7.936,126.01
3897,44.363059,6.720,148.80
3898,44.373197,10.138,98.64
3899,44.380911,7.714,129.63
3900,44.387949,7.038,142.08
3901,44.393624,5.675,176.22
3902,44.400424,6.800,147.05
3903,44.407945,7.521,132.96
3904,44.414286,6.340,157.72
3905,44.422609,8.324,120.14
3906,44.428648,6.039,165.59
3907,44.435968,7.319,136.62
3908,44.442381,6.413,155.94
3909,44.449575,7.194,139.00
3910,44.455964,6.389,156.53
3911,44.461362,5.398,185.25
3912,44.469202,7.840,127.55
3913,44.479046,9.845,101.58
3914,44.488024,8.978,111.38
3915,44.496824,8.800,113.64
3916,44.504202,7.377,135.55
3917,44.511687,7.485,133.60
3918,44.519166,7.479,133.71
3919,44.526161,6.995,142.96
3920,44.553676,27.515,36.34
3921,44.563018,9.342,107.04
3922,44.571127,8.110,123.31
3923,44.580012,8.885,112.56
3924,44.587339,7.327,136.48
3925,44.596134,8.795,113.69
3926,44.602723,6.588,151.78
3927,44.609230,6.507,153.68
3928,44.616740,7.510,133.16
3929,44.624644,7.904,126.51
3930,44.632820,8.177,122.30
3931,44.640614,7.794,128.30
3932,44.645662,5.047,198.13
3933,44.654387,8.725,114.61
3934,44.662366,7.979,125.32
3935,44.669804,7.438,134.45
3936,44.677717,7.913,126.38
3937,44.686624,8.908,112.26
3938,44.693069,6.444,155.18
3939,44.699906,6.837,146.25
3940,44.708481,8.575,116.61
3941,44.718516,10.035,99.65
3942,44.726087,7.571,132.09
3943,44.734514,8.427,118.67
3944,44.741360,6.846,146.07
3945,44.748848,7.488,133.54
3946,44.757414,8.566,116.74
3947,44.764820,7.405,135.03
3948,44.773322,8.502,117.61
3949,44.779707,6.385,156.61
3950,44.787453,7.745,129.11
3951,44.794194,6.742,148.33
3952,44.800960,6.765,147.81
3953,44.807679,6.719,148.82
3954,44.815469,7.790,128.37
3955,44.823992,8.523,117.33
3956,44.834077,10.085,99.16
3957,44.840297,6.220,160.76
3958,44.848661,8.364,119.56
3959,44.856973,8.313,120.30
3960,44.865776,8.803,113.60
3961,44.873242,7.466,133.94
3962,44.880082,6.840,146.19
3963,44.888035,7.952,125.75
3964,44.895500,7.465,133.96
3965,44.903610,8.110,123.30
3966,44.909944,6.334,157.89
3967,44.914716,4.772,209.54
3968,44.922558,7.842,127.53
3969,44.932059,9.501,105.25
3970,44.939511,7.452,134.19
3971,44.948661,9.150,109.29
3972,44.955344,6.683,149.64
3973,44.963465,8.121,123.13
3974,44.972129,8.664,115.41
3975,44.980280,8.150,122.69
3976,44.989961,9.681,103.29
3977,44.996701,6.740,148.37
3978,45.004324,7.623,131.18
3979,45.012457,8.133,122.95
3980,45.020053,7.596,131.65
3981,45.027538,7.485,133.61
3982,45.035100,7.562,132.24
3983,45.041929,6.829,146.43
3984,45.719157,677.227,1.48
3985,45.739001,19.844,50.39
3986,45.761745,22.744,43.97
3987,45.784534,22.790,43.88
3988,45.806340,21.806,45.86
3989,45.819161,12.821,78.00
3990,45.832538,13.376,74.76
3991,45.845303,12.765,78.34
3992,45.856808,11.505,86.92
3993,45.870254,13.446,74.37
3994,45.885011,14.757,67.77
3995,45.898507,13.496,74.10
3996,45.911259,12.752,78.42
3997,45.925810,14.552,68.72
3998,45.939405,13.595,73.56
3999,45.949505,10.100,99.01
4000,45.961796,12.290,81.37
4001,45.975770,13.974,71.56
4002,45.988346,12.576,79.52
4003,46.001467,13.121,76.21
4004,46.016495,15.028,66.54
4005,46.028392,11.896,84.06
4006,46.041415,13.023,76.79
4007,46.054860,13.445,74.38
4008,46.068328,13.468,74.25
4009,46.079762,11.434,87.46
4010,46.095661,15.899,62.90
4011,46.108576,12.915,77.43
4012,46.121070,12.493,80.04
4013,46.134879,13.809,72.42
4014,46.146582,11.703,85.45
4015,46.160110,13.528,73.92
4016,46.171716,11.606,86.16
4017,46.184793,13.077,76.47
4018,46.196976,12.183,82.08
4019,46.209857,12.881,77.63
4020,46.225029,15.172,65.91
4021,46.237085,12.056,82.95
4022,46.249620,12.535,79.77
4023,46.260341,10.721,93.27
4024,46.272341,11.999,83.34
4025,46.284596,12.255,81.60
4026,46.296479,11.883,84.16
4027,46.308337,11.858,84.33
4028,46.321258,12.920,77.40
4029,46.333356,12.099,82.65
4030,46.345727,12.371,80.84
4031,46.357768,12.042,83.05
4032,46.370542,12.773,78.29
4033,46.380469,9.927,100.73
4034,46.392953,12.484,80.10
4035,46.404801,11.848,84.40
4036,46.417493,12.692,78.79
4037,46.429146,11.653,85.81
4038,46.441466,12.320,81.17
4039,46.453478,12.012,83.25
4040,46.466510,13.033,76.73
4041,46.478330,11.820,84.60
4042,46.491335,13.005,76.89
4043,46.502667,11.332,88.25
4044,46.513851,11.184,89.41
4045,46.527161,13.310,75.13
4046,46.540886,13.725,72.86
4047,46.552404,11.518,86.82
4048,46.564079,11.675,85.66
4049,46.574814,10.735,93.15
4050,46.586705,11.892,84.09
4051,46.598900,12.195,82.00
4052,46.610117,11.217,89.15
4053,46.622259,12.143,82.35
4054,46.635815,13.555,73.77
4055,46.648267,12.452,80.31
4056,46.661385,13.118,76.23
4057,46.674941,13.556,73.77
4058,46.688948,14.008,71.39
4059,46.701162,12.213,81.88
4060,46.712168,11.006,90.86
4061,46.723810,11.643,85.89
4062,46.735276,11.466,87.21
4063,46.746169,10.893,91.80
4064,46.759982,13.813,72.40
4065,46.773198,13.216,75.67
4066,46.783791,10.593,94.40
4067,46.796848,13.057,76.59
4068,46.810241,13.393,74.67
4069,46.823257,13.016,76.83
4070,46.838194,14.937,66.95
4071,46.849608,11.414,87.61
4072,46.864518,14.910,67.07
4073,46.875831,11.313,88.39
4074,46.886649,10.818,92.44
4075,46.900723,14.074,71.05
4076,46.911383,10.660,93.81
4077,46.923326,11.943,83.73
4078,46.936247,12.921,77.40
4079,46.949703,13.456,74.31
4080,46.963756,14.053,71.16
4081,46.977405,13.649,73.27
4082,46.991793,14.388,69.50
4083,47.004019,12.226,81.79
4084,47.016595,12.576,79.52
4085,47.031723,15.128,66.10
4086,47.045208,13.486,74.15
4087,47.058433,13.225,75.61
4088,47.070411,11.977,83.49
4089,47.081382,10.972,91.14
4090,47.093987,12.604,79.34
4091,47.108910,14.924,67.01
4092,47.122133,13.223,75.63
4093,47.135290,13.157,76.00
4094,47.147240,11.950,83.68
4095,47.159051,11.811,84.67
4096,47.173251,14.200,70.42
4097,47.186671,13.419,74.52
4098,47.196759,10.088,99.12
4099,47.211466,14.707,67.99
4100,47.226292,14.826,67.45
4101,47.241618,15.326,65.25
4102,47.252889,11.271,88.72
4103,47.263941,11.051,90.49
4104,47.275459,11.519,86.81
4105,47.287019,11.560,86.51
4106,47.297456,10.437,95.81
4107,47.310586,13.130,76.16
4108,47.323079,12.493,80.05
4109,47.334234,11.155,89.64
4110,47.346172,11.937,83.77
4111,47.359240,13.069,76.52
4112,47.370267,11.027,90.69
4113,47.382267,12.000,83.33
4114,47.393621,11.354,88.08
4115,47.404939,11.318,88.35
4116,47.416455,11.515,86.84
4117,47.430897,14.442,69.24
4118,47.444560,13.663,73.19
4119,47.459500,14.941,66.93
4120,47.471330,11.830,84.53
4121,47.482668,11.338,88.20
4122,47.497036,14.368,69.60
4123,47.508185,11.149,89.70
4124,47.520485,12.300,81.30
4125,47.532696,12.210,81.90
4126,47.544195,11.500,86.96
4127,47.556062,11.867,84.27
4128,47.568070,12.007,83.28
4129,47.580348,12.278,81.45
4130,47.592491,12.143,82.35
4131,47.602359,9.868,101.34
4132,47.615078,12.719,78.62
4133,47.626380,11.302,88.48
4134,47.639157,12.777,78.27
4135,47.650691,11.534,86.70
4136,47.661325,10.634,94.04
4137,47.675161,13.836,72.27
4138,47.688362,13.202,75.75
4139,47.697981,9.619,103.96
4140,47.712430,14.449,69.21
4141,47.723773,11.343,88.16
4142,47.736809,13.036,76.71
4143,47.749801,12.992,76.97
4144,47.761667,11.866,84.28
4145,47.772535,10.868,92.01
4146,47.784835,12.300,81.30
4147,47.800050,15.214,65.73
4148,47.811652,11.602,86.19
4149,47.824257,12.605,79.33
4150,47.835885,11.628,86.00
4151,47.849073,13.188,75.83
4152,47.859030,9.957,100.43
4153,47.874620,15.590,64.14
4154,47.886504,11.883,84.15
4155,47.896907,10.404,96.12
4156,47.908178,11.270,88.73
4157,47.922020,13.842,72.24
4158,47.934725,12.705,78.71
4159,47.946588,11.863,84.29
4160,47.958643,12.055,82.96
4161,47.971828,13.185,75.84
4162,47.986202,14.375,69.57
4163,47.999009,12.807,78.08
4164,48.010025,11.016,90.78
4165,48.021051,11.026,90.69
4166,48.034178,13.127,76.18
4167,48.046846,12.668,78.94
4168,48.060478,13.632,73.36
4169,48.072014,11.537,86.68
4170,48.084182,12.168,82.19
4171,48.095856,11.674,85.66
4172,48.110400,14.545,68.75
4173,48.122730,12.330,81.10
4174,48.134768,12.037,83.07
4175,48.147055,12.287,81.38
4176,48.159791,12.736,78.52
4177,48.171895,12.104,82.62
4178,48.185747,13.852,72.19
4179,48.196275,10.528,94.98
4180,48.208480,12.205,81.94
4181,48.216771,8.291,120.61
4182,48.228386,11.615,86.09
4183,48.239585,11.199,89.29
4184,48.252038,12.453,80.30
4185,48.263898,11.860,84.32
4186,48.274908,11.010,90.83
4187,48.287788,12.880,77.64
4188,48.298934,11.146,89.72
4189,48.312866,13.932,71.78
4190,48.325561,12.695,78.77
4191,48.337507,11.945,83.71
4192,48.351256,13.750,72.73
4193,48.365136,13.880,72.05
4194,48.377490,12.353,80.95
4195,48.393548,16.058,62.27
4196,48.404481,10.933,91.46
4197,48.415359,10.878,91.93
4198,48.425797,10.438,95.80
4199,48.437058,11.261,88.80
4200,48.450600,13.543,73.84
4201,48.462937,12.337,81.06
4202,48.477348,14.410,69.39
4203,48.487683,10.335,96.76
4204,48.501300,13.618,73.43
4205,48.515341,14.040,71.22
4206,48.528780,13.439,74.41
4207,48.543426,14.645,68.28
4208,48.558213,14.787,67.63
4209,48.570384,12.171,82.16
4210,48.585908,15.525,64.41
4211,48.597736,11.827,84.55
4212,48.610476,12.740,78.49
4213,48.621436,10.960,91.24
4214,48.635132,13.696,73.01
4215,48.649269,14.137,70.74
4216,48.662485,13.216,75.67
4217,48.676456,13.971,71.58
4218,48.687597,11.141,89.76
4219,48.699702,12.105,82.61
4220,48.712145,12.443,80.37
4221,48.726130,13.985,71.50
4222,48.739416,13.287,75.26
4223,48.752347,12.931,77.34
4224,48.764275,11.928,83.84
4225,48.777562,13.287,75.26
4226,48.791085,13.524,73.94
4227,48.804012,12.927,77.36
4228,48.816644,12.632,79.17
4229,48.830263,13.619,73.43
4230,48.840486,10.223,97.82
4231,48.853716,13.230,75.59
4232,48.865996,12.280,81.43
4233,48.879039,13.044,76.67
4234,48.890888,11.848,84.40
4235,48.904199,13.312,75.12
4236,48.915265,11.066,90.37
4237,48.927606,12.341,81.03
4238,48.940541,12.935,77.31
4239,48.952385,11.844,84.43
4240,48.965872,13.487,74.15
4241,48.980335,14.463,69.14
4242,48.993869,13.534,73.89
4243,49.007058,13.189,75.82
4244,49.018990,11.932,83.81
4245,49.030085,11.095,90.13
4246,49.041946,11.861,84.31
4247,49.053535,11.588,86.29
4248,49.066329,12.795,78.16
4249,49.078991,12.662,78.98
4250,49.094367,15.376,65.04
4251,49.107772,13.405,74.60
4252,49.118069,10.297,97.11
4253,49.130459,12.390,80.71
4254,49.142927,12.468,80.21
4255,49.157717,14.789,67.62
4256,49.169356,11.639,85.92
4257,49.183114,13.759,72.68
4258,49.197394,14.280,70.03
4259,49.210338,12.944,77.26
4260,49.222380,12.042,83.04
4261,49.234431,12.051,82.98
4262,49.247724,13.293,75.23
4263,49.258094,10.369,96.44
4264,49.267766,9.673,103.39
4265,49.280518,12.752,78.42
4266,49.293710,13.192,75.81
4267,49.306300,12.590,79.43
4268,49.318720,12.420,80.52
4269,49.330608,11.888,84.12
4270,49.340982,10.374,96.40
4271,49.355946,14.964,66.83
4272,49.370781,14.836,67.41
4273,49.382201,11.420,87.57
4274,49.395043,12.842,77.87
4275,49.408360,13.317,75.09
4276,49.421898,13.538,73.86
4277,49.433427,11.528,86.74
4278,49.447639,14.213,70.36
4279,49.459604,11.964,83.58
4280,49.471034,11.431,87.48
4281,49.484561,13.526,73.93
4282,49.495414,10.854,92.14
4283,49.509237,13.823,72.34
4284,49.519432,10.195,98.09
4285,49.535694,16.262,61.49
4286,49.551602,15.908,62.86
4287,49.564445,12.843,77.86
4288,49.576847,12.402,80.63
4289,49.588427,11.580,86.35
4290,49.601214,12.787,78.21
4291,49.613186,11.972,83.53
4292,49.624487,11.302,88.48
4293,49.636487,12.000,83.33
4294,49.649683,13.195,75.78
4295,49.660170,10.487,95.35
4296,49.671354,11.183,89.42
4297,49.684427,13.074,76.49
4298,49.696273,11.845,84.42
4299,49.709150,12.877,77.66
4300,49.722222,13.073,76.49
4301,49.737642,15.419,64.85
4302,49.751134,13.492,74.12
4303,49.760312,9.178,108.96
4304,49.772453,12.142,82.36
4305,49.783333,10.880,91.91
4306,49.796723,13.389,74.69
4307,49.810199,13.476,74.21
4308,49.822984,12.786,78.21
4309,49.835801,12.817,78.02
4310,49.846708,10.906,91.69
4311,49.861480,14.773,67.69
4312,49.872873,11.393,87.77
4313,49.888079,15.205,65.77
4314,49.897546,9.467,105.63
4315,49.909537,11.991,83.40
4316,49.922149,12.612,79.29
4317,49.935009,12.860,77.76
4318,49.946672,11.662,85.75
4319,49.958607,11.935,83.79
4320,49.973412,14.805,67.55
4321,49.984437,11.025,90.70
4322,49.994425,9.988,100.12
4323,50.007110,12.685,78.84
4324,50.019498,12.388,80.72
4325,50.029635,10.137,98.64
4326,50.039919,10.284,97.24
4327,50.050916,10.997,90.94
4328,50.062836,11.920,83.89
4329,50.076400,13.564,73.72
4330,50.089703,13.302,75.17
4331,50.101849,12.146,82.33
4332,50.112937,11.089,90.18
4333,50.124727,11.790,84.82
4334,50.138968,14.240,70.22
4335,50.150400,11.433,87.47
4336,50.165804,15.404,64.92
4337,50.178808,13.004,76.90
4338,50.189789,10.980,91.07
4339,50.204202,14.414,69.38
4340,50.217414,13.212,75.69
4341,50.231003,13.589,73.59
4342,50.244286,13.283,75.28
4343,50.256685,12.399,80.65
4344,50.269662,12.977,77.06
4345,50.282969,13.307,75.15
4346,50.294714,11.745,85.14
4347,50.308771,14.057,71.14
4348,50.323134,14.363,69.62
4349,50.334798,11.663,85.74
4350,50.345976,11.179,89.45
4351,50.359650,13.674,73.13
4352,50.371107,11.457,87.28
4353,50.386167,15.060,66.40
4354,50.397957,11.790,84.82
4355,50.411364,13.407,74.59
4356,50.424496,13.132,76.15
4357,50.436220,11.724,85.30
4358,50.449512,13.293,75.23
4359,50.461732,12.220,81.83
4360,50.473419,11.687,85.56
4361,50.487922,14.503,68.95
4362,50.499940,12.018,83.21
4363,50.515030,15.090,66.27
4364,50.529439,14.409,69.40
4365,50.543771,14.332,69.77
4366,50.555892,12.121,82.50
4367,50.569778,13.886,72.01
4368,50.582008,12.230,81.77
4369,50.595094,13.086,76.42
4370,50.607640,12.546,79.71
4371,50.617578,9.939,100.62
4372,50.628339,10.760,92.94
4373,50.640818,12.480,80.13
4374,50.655687,14.868,67.26
4375,50.669151,13.464,74.27
4376,50.682346,13.196,75.78
4377,50.694371,12.025,83.16
4378,50.708805,14.434,69.28
4379,50.723520,14.715,67.96
4380,50.738293,14.772,67.69
4381,50.747861,9.568,104.52
4382,50.759979,12.119,82.52
4383,50.773578,13.599,73.54
4384,50.785294,11.716,85.35
4385,50.799828,14.534,68.80
4386,50.813126,13.299,75.20
4387,50.826544,13.417,74.53
4388,50.840986,14.442,69.24
4389,50.849166,8.181,122.24
4390,50.859366,10.199,98.04
4391,50.872917,13.551,73.80
4392,50.884822,11.905,83.99
4393,50.893727,8.905,112.30
4394,50.903450,9.723,102.85
4395,50.913793,10.343,96.68
4396,50.925731,11.938,83.77
4397,50.938484,12.753,78.41
4398,50.952897,14.414,69.38
4399,50.965031,12.133,82.42
4400,50.977195,12.164,82.21
4401,50.990943,13.748,72.74
4402,51.003120,12.177,82.12
4403,51.015715,12.595,79.40
4404,51.026477,10.762,92.92
4405,51.039105,12.628,79.19
4406,51.052252,13.147,76.06
4407,51.064001,11.750,85.11
4408,51.074923,10.921,91.57
4409,51.086308,11.386,87.83
4410,51.100410,14.101,70.91
4411,51.114085,13.676,73.12
4412,51.127226,13.141,76.10
4413,51.139231,12.004,83.30
4414,51.151804,12.573,79.53
4415,51.166060,14.256,70.14
4416,51.173334,7.274,137.48
4417,51.185744,12.409,80.58
4418,51.198276,12.532,79.79
4419,51.212191,13.915,71.87
4420,51.224902,12.712,78.67
4421,51.237591,12.688,78.81
4422,51.248028,10.437,95.81
4423,51.259619,11.591,86.27
4424,51.271488,11.869,84.25
4425,51.284644,13.156,76.01
4426,51.297265,12.621,79.23
4427,51.311212,13.947,71.70
4428,51.325166,13.954,71.66
4429,51.336913,11.747,85.13
4430,51.349300,12.387,80.73
4431,51.361411,12.111,82.57
4432,51.372779,11.367,87.97
4433,51.385671,12.892,77.57
4434,51.398265,12.594,79.40
4435,51.410755,12.489,80.07
4436,51.422233,11.479,87.12
4437,51.434729,12.495,80.03
4438,51.448118,13.390,74.69
4439,51.461624,13.506,74.04
4440,51.473899,12.275,81.47
4441,51.486451,12.552,79.67
4442,51.500362,13.911,71.89
4443,51.516290,15.928,62.78
4444,51.525714,9.424,106.11
4445,51.540187,14.473,69.09
4446,51.552370,12.183,82.08
4447,51.564041,11.671,85.68
4448,51.573774,9.733,102.74
4449,51.586467,12.692,78.79
4450,51.599111,12.644,79.09
4451,51.611003,11.892,84.09
4452,51.624813,13.810,72.41
4453,51.636026,11.213,89.18
4454,51.647277,11.251,88.88
4455,51.659760,12.484,80.11
4456,51.671254,11.494,87.00
4457,51.686395,15.141,66.05
4458,51.699995,13.599,73.53
4459,51.714519,14.524,68.85
4460,51.728886,14.368,69.60
4461,51.741125,12.239,81.71
4462,51.752641,11.516,86.83
4463,51.765832,13.191,75.81
4464,51.776442,10.609,94.26
4465,51.790097,13.656,73.23
4466,51.802313,12.216,81.86
4467,51.813412,11.099,90.10
4468,51.825280,11.867,84.26
4469,51.838626,13.346,74.93
4470,51.850242,11.616,86.09
4471,51.865045,14.803,67.55
4472,51.878866,13.821,72.35
4473,51.892358,13.491,74.12
4474,51.903973,11.615,86.10
4475,51.918182,14.209,70.38
4476,51.930732,12.550,79.68
4477,51.942230,11.498,86.97
4478,51.954488,12.258,81.58
4479,51.967235,12.747,78.45
4480,51.980466,13.232,75.58
4481,51.993595,13.129,76.17
4482,52.005183,11.588,86.30
4483,52.018657,13.474,74.22
4484,52.030509,11.852,84.37
4485,52.042346,11.837,84.48
4486,52.053959,11.613,86.11
4487,52.065437,11.478,87.12
4488,52.079134,13.697,73.01
4489,52.091102,11.967,83.56
4490,52.104672,13.570,73.69
4491,52.118806,14.134,70.75
4492,52.132105,13.299,75.20
4493,52.143632,11.527,86.75
4494,52.155930,12.299,81.31
4495,52.171573,15.643,63.93
4496,52.183403,11.830,84.53
4497,52.197515,14.112,70.86
4498,52.208435,10.920,91.58
4499,52.220099,11.664,85.73
4500,52.231026,10.927,91.51
4501,52.240708,9.682,103.28
4502,52.250803,10.095,99.06
4503,52.263717,12.914,77.43
4504,52.274421,10.704,93.42
4505,52.288697,14.276,70.05
4506,52.301430,12.732,78.54
4507,52.314166,12.736,78.52
4508,52.329691,15.525,64.41
4509,52.342126,12.436,80.41
4510,52.358265,16.139,61.96
4511,52.368795,10.530,94.97
4512,52.379439,10.643,93.96
4513,52.391098,11.659,85.77
4514,52.404805,13.707,72.95
4515,52.418502,13.697,73.01
4516,52.431137,12.635,79.15
4517,52.442673,11.536,86.68
4518,52.457302,14.629,68.36
4519,52.471173,13.871,72.09
4520,52.482944,11.772,84.95
4521,52.495763,12.818,78.01
4522,52.510260,14.497,68.98
4523,52.522653,12.393,80.69
4524,52.535927,13.274,75.33
4525,52.548048,12.120,82.51
4526,52.559789,11.741,85.17
4527,52.570878,11.089,90.18
4528,52.584152,13.274,75.33
4529,52.593993,9.841,101.62
4530,52.606959,12.966,77.12
4531,52.619294,12.335,81.07
4532,52.631027,11.733,85.23
4533,52.645190,14.163,70.61
4534,52.656929,11.739,85.18
4535,52.669541,12.612,79.29
4536,52.683370,13.828,72.32
4537,52.696551,13.181,75.87
4538,52.706782,10.231,97.74
4539,52.718811,12.029,83.13
4540,52.732857,14.046,71.19
4541,52.748972,16.115,62.05
4542,52.761391,12.418,80.53
4543,52.770978,9.588,104.30
4544,52.782477,11.499,86.97
4545,52.795963,13.486,74.15
4546,52.807827,11.864,84.29
4547,52.822107,14.280,70.03
4548,52.834221,12.114,82.55
4549,52.845784,11.562,86.49
4550,52.857672,11.888,84.12
4551,52.869714,12.042,83.04
4552,52.881931,12.217,81.85
4553,52.894805,12.874,77.67
4554,52.908645,13.840,72.26
4555,52.920682,12.037,83.08
4556,52.933581,12.899,77.52
4557,52.945868,12.287,81.39
4558,52.960480,14.612,68.44
4559,52.971768,11.288,88.59
4560,52.985628,13.861,72.15
4561,52.999345,13.717,72.90
4562,53.010713,11.368,87.96
4563,53.022861,12.148,82.32
4564,53.037349,14.488,69.02
4565,53.049754,12.406,80.61
4566,53.062163,12.408,80.59
4567,53.073758,11.595,86.24
4568,53.088225,14.467,69.12
4569,53.101598,13.373,74.78
4570,53.113685,12.088,82.73
4571,53.126216,12.530,79.81
4572,53.137944,11.728,85.27
4573,53.150083,12.139,82.38
4574,53.162132,12.049,82.99
4575,53.174007,11.874,84.21
4576,53.186247,12.240,81.70
4577,53.197827,11.580,86.36
4578,53.211164,13.338,74.98
4579,53.224499,13.335,74.99
4580,53.235785,11.285,88.61
4581,53.249816,14.031,71.27
4582,53.263285,13.469,74.24
4583,53.276639,13.354,74.88
4584,53.288029,11.390,87.80
4585,53.300421,12.393,80.69
4586,53.315820,15.398,64.94
4587,53.328547,12.728,78.57
4588,53.340209,11.662,85.75
4589,53.354166,13.957,71.65
4590,53.366908,12.742,78.48
4591,53.377384,10.476,95.45
4592,53.388984,11.600,86.21
4593,53.401606,12.622,79.23
4594,53.412915,11.309,88.42
4595,53.426667,13.752,72.72
4596,53.435155,8.488,117.81
4597,53.447152,11.997,83.35
4598,53.458849,11.696,85.50
4599,53.472587,13.738,72.79
4600,53.485704,13.117,76.24
4601,53.497729,12.025,83.16
4602,53.509855,12.126,82.46
4603,53.520570,10.715,93.33
4604,53.532830,12.260,81.57
4605,53.544316,11.486,87.06
4606,53.556895,12.579,79.50
4607,53.567437,10.543,94.85
4608,53.583402,15.965,62.64
4609,53.596916,13.514,74.00
4610,53.608352,11.436,87.44
4611,53.621935,13.583,73.62
4612,53.634607,12.672,78.91
4613,53.648267,13.660,73.21
4614,53.659108,10.841,92.24
4615,53.672744,13.636,73.33
4616,53.686219,13.475,74.21
4617,53.698938,12.719,78.62
4618,53.714360,15.422,64.84
4619,53.727430,13.069,76.52
4620,53.740287,12.857,77.78
4621,53.753603,13.316,75.10
4622,53.765452,11.849,84.40
4623,53.778644,13.192,75.80
4624,53.790630,11.987,83.43
4625,53.802271,11.641,85.90
4626,53.816190,13.919,71.85
4627,53.827720,11.529,86.73
4628,53.838778,11.058,90.43
4629,53.850073,11.295,88.54
4630,53.862375,12.302,81.28
4631,53.875012,12.637,79.13
4632,53.887086,12.074,82.82
4633,53.897649,10.563,94.67
4634,53.909850,12.201,81.96
4635,53.922240,12.391,80.71
4636,53.935099,12.859,77.77
4637,53.946459,11.360,88.03
4638,53.958650,12.191,82.03
4639,53.971400,12.750,78.43
4640,53.987055,15.654,63.88
4641,54.000140,13.085,76.42
4642,54.013130,12.990,76.98
4643,54.025381,12.251,81.63
4644,54.035718,10.337,96.74
4645,54.046437,10.719,93.29
4646,54.060239,13.802,72.45
4647,54.073847,13.608,73.49
4648,54.085113,11.267,88.76
4649,54.096943,11.830,84.53
4650,54.108808,11.865,84.28
4651,54.118684,9.877,101.25
4652,54.130923,12.238,81.71
4653,54.144716,13.793,72.50
4654,54.159632,14.916,67.04
4655,54.172514,12.881,77.63
4656,54.184914,12.401,80.64
4657,54.200534,15.620,64.02
4658,54.211927,11.392,87.78
4659,54.223995,12.069,82.86
4660,54.235290,11.295,88.53
4661,54.245544,10.254,97.52
4662,54.259749,14.205,70.40
4663,54.272319,12.570,79.55
4664,54.287643,15.324,65.26
4665,54.301873,14.229,70.28
4666,54.314310,12.437,80.40
4667,54.327510,13.200,75.76
4668,54.340514,13.004,76.90
4669,54.351250,10.736,93.14
4670,54.361139,9.889,101.12
4671,54.369739,8.599,116.29
4672,54.383759,14.020,71.33
4673,54.395623,11.864,84.29
4674,54.407236,11.613,86.11
4675,54.420919,13.683,73.08
4676,54.431965,11.046,90.53
4677,54.446055,14.090,70.97
4678,54.457623,11.568,86.44
4679,54.467809,10.186,98.17
4680,54.481244,13.435,74.43
4681,54.493800,12.556,79.64
4682,54.507350,13.550,73.80
4683,54.520857,13.507,74.03
4684,54.531680,10.823,92.40
4685,54.545347,13.667,73.17
4686,54.558289,12.942,77.27
4687,54.568942,10.654,93.86
4688,54.580702,11.760,85.04
4689,54.594032,13.330,75.02
4690,54.609525,15.493,64.55
4691,54.621966,12.441,80.38
4692,54.633739,11.773,84.94
4693,54.646407,12.668,78.94
4694,54.657669,11.261,88.80
4695,54.672258,14.589,68.55
4696,54.683133,10.876,91.95
4697,54.695541,12.408,80.59
4698,54.708997,13.455,74.32
4699,54.721142,12.146,82.33
4700,54.733477,12.334,81.07
4701,54.747348,13.871,72.09
4702,54.760313,12.965,77.13
4703,54.772948,12.635,79.14
4704,54.785595,12.646,79.08
4705,54.798272,12.677,78.88
4706,54.811873,13.601,73.52
4707,54.823831,11.957,83.63
4708,54.835197,11.367,87.98
4709,54.847093,11.896,84.06
4710,54.861243,14.150,70.67
4711,54.873868,12.625,79.21
4712,54.884890,11.022,90.73
4713,54.895264,10.374,96.40
4714,54.907513,12.249,81.64
4715,54.921666,14.154,70.65
4716,54.937219,15.553,64.30
4717,54.949844,12.625,79.21
4718,54.963220,13.375,74.76
4719,54.976157,12.937,77.30
4720,54.986207,10.050,99.50
4721,55.001435,15.228,65.67
4722,55.011364,9.929,100.71
4723,55.023497,12.133,82.42
4724,55.031960,8.463,118.16
4725,55.043990,12.030,83.12
4726,55.056479,12.489,80.07
4727,55.067336,10.857,92.11
4728,55.079570,12.234,81.74
4729,55.094238,14.667,68.18
4730,55.106453,12.215,81.87
4731,55.120579,14.126,70.79
4732,55.131581,11.002,90.90
4733,55.142503,10.923,91.55
4734,55.153509,11.006,90.86
4735,55.165148,11.639,85.92
4736,55.177432,12.284,81.41
4737,55.189129,11.697,85.49
4738,55.203054,13.924,71.82
4739,55.212639,9.585,104.33
4740,55.226541,13.902,71.93
4741,55.239911,13.370,74.80
4742,55.252639,12.728,78.57
4743,55.264777,12.139,82.38
4744,55.277770,12.993,76.96
4745,55.291473,13.703,72.98
4746,55.301531,10.058,99.43
4747,55.312540,11.009,90.84
4748,55.321940,9.400,106.39
4749,55.332270,10.330,96.81
4750,55.343711,11.442,87.40
4751,55.352338,8.626,115.93
4752,55.366773,14.435,69.27
4753,55.381283,14.510,68.92
4754,55.393094,11.810,84.67
4755,55.406284,13.190,75.82
4756,55.417848,11.565,86.47
4757,55.428800,10.952,91.31
4758,55.440408,11.608,86.15
4759,55.452754,12.346,81.00
4760,55.462732,9.979,100.21
4761,55.478243,15.510,64.47
4762,55.489294,11.052,90.48
4763,55.501064,11.769,84.97
4764,55.516080,15.016,66.60
4765,55.527082,11.003,90.89
4766,55.540108,13.026,76.77
4767,55.552885,12.777,78.27
4768,55.566421,13.536,73.88
4769,55.579008,12.587,79.44
4770,55.592074,13.065,76.54
4771,55.603154,11.080,90.25
4772,55.616692,13.538,73.86
4773,55.630817,14.125,70.80
4774,55.642094,11.277,88.67
4775,55.654309,12.214,81.87
4776,55.664856,10.548,94.81
4777,55.675240,10.384,96.30
4778,55.688784,13.544,73.83
4779,55.700810,12.026,83.15
4780,55.712731,11.920,83.89
4781,55.723950,11.220,89.13
4782,55.737332,13.382,74.73
4783,55.750244,12.912,77.45
4784,55.764669,14.425,69.32
4785,55.774928,10.259,97.47
4786,55.789590,14.662,68.20
4787,55.802325,12.735,78.52
4788,55.813570,11.245,88.93
4789,55.828001,14.431,69.30
4790,55.839525,11.524,86.78
4791,55.851797,12.272,81.49
4792,55.864508,12.711,78.67
4793,55.873464,8.957,111.65
4794,55.884438,10.973,91.13
4795,55.894455,10.017,99.83
4796,55.906448,11.993,83.38
4797,55.916971,10.523,95.03
4798,55.930984,14.013,71.36
4799,55.945373,14.389,69.50
4800,55.956708,11.335,88.22
4801,55.967711,11.002,90.89
4802,55.979259,11.549,86.59
4803,55.993786,14.527,68.84
4804,56.006179,12.393,80.69
4805,56.020046,13.867,72.11
4806,56.029070,9.025,110.81
4807,56.042055,12.984,77.02
4808,56.051589,9.534,104.89
4809,56.063991,12.402,80.63
4810,56.075175,11.184,89.41
4811,56.088776,13.601,73.53
4812,56.103243,14.467,69.12
4813,56.114854,11.611,86.13
4814,56.126465,11.611,86.13
4815,56.138453,11.988,83.41
4816,56.149690,11.238,88.99
4817,56.163208,13.518,73.97
4818,56.174784,11.576,86.39
4819,56.186354,11.570,86.43
4820,56.199749,13.395,74.66
4821,56.215637,15.888,62.94
4822,56.226871,11.235,89.01
4823,56.239385,12.514,79.91
4824,56.250989,11.605,86.17
4825,56.263376,12.387,80.73
4826,56.276148,12.771,78.30
4827,56.291300,15.152,66.00
4828,56.305570,14.270,70.08
4829,56.317687,12.116,82.53
4830,56.331352,13.666,73.17
4831,56.344534,13.182,75.86
4832,56.357068,12.533,79.79
4833,56.370046,12.978,77.05
4834,56.382313,12.267,81.52
4835,56.394230,11.917,83.91
4836,56.408622,14.391,69.49
4837,56.421409,12.787,78.20
4838,56.434243,12.834,77.92
4839,56.446350,12.107,82.60
4840,56.459493,13.142,76.09
4841,56.470647,11.154,89.65
4842,56.482208,11.561,86.50
4843,56.492982,10.774,92.82
4844,56.504635,11.653,85.81
4845,56.516506,11.872,84.23
4846,56.530267,13.761,72.67
4847,56.541215,10.948,91.34
4848,56.555247,14.031,71.27
4849,56.566472,11.226,89.08
4850,56.579166,12.694,78.78
4851,56.593139,13.973,71.57
4852,56.605487,12.348,80.99
4853,56.617970,12.483,80.11
4854,56.630323,12.353,80.95
4855,56.642735,12.412,80.57
4856,56.655469,12.734,78.53
4857,56.667241,11.772,84.94
4858,56.678562,11.321,88.33
4859,56.692078,13.516,73.99
4860,56.703573,11.495,86.99
4861,56.717295,13.722,72.88
4862,56.730785,13.490,74.13
4863,56.741870,11.085,90.21
4864,56.755646,13.776,72.59
4865,56.766475,10.829,92.34
4866,56.777785,11.310,88.42
4867,56.792051,14.265,70.10
4868,56.806897,14.847,67.35
4869,56.818192,11.294,88.54
4870,56.830857,12.666,78.95
4871,56.842331,11.474,87.15
4872,56.854459,12.128,82.46
4873,56.866350,11.891,84.10
4874,56.879932,13.582,73.63
4875,56.890981,11.049,90.51
4876,56.904594,13.613,73.46
4877,56.914019,9.425,106.10
4878,56.927050,13.031,76.74
4879,56.940301,13.251,75.46
4880,56.952253,11.952,83.67
4881,56.962789,10.536,94.91
4882,56.975224,12.435,80.42
4883,56.987869,12.645,79.08
4884,56.998834,10.964,91.20
4885,57.011282,12.448,80.33
4886,57.023500,12.218,81.84
4887,57.034406,10.906,91.70
4888,57.047179,12.773,78.29
4889,57.058932,11.754,85.08
4890,57.071143,12.210,81.90
4891,57.083587,12.445,80.36
4892,57.097643,14.056,71.14
4893,57.109764,12.120,82.51
4894,57.122740,12.976,77.07
4895,57.135802,13.063,76.55
4896,57.147669,11.866,84.27
4897,57.162316,14.648,68.27
4898,57.171978,9.661,103.51
4899,57.184822,12.844,77.86
4900,57.197511,12.689,78.81
4901,57.209777,12.266,81.52
4902,57.221368,11.591,86.27
4903,57.231584,10.216,97.89
4904,57.244345,12.761,78.36
4905,57.259195,14.851,67.34
4906,57.271865,12.669,78.93
4907,57.282957,11.092,90.15
4908,57.292811,9.854,101.48
4909,57.302273,9.462,105.69
4910,57.315673,13.400,74.63
4911,57.327619,11.946,83.71
4912,57.340449,12.830,77.94
4913,57.353604,13.156,76.01
4914,57.366757,13.153,76.03
4915,57.378036,11.279,88.66
4916,57.391069,13.033,76.73
4917,57.400735,9.665,103.46
4918,57.412579,11.845,84.43
4919,57.424307,11.727,85.27
4920,57.435185,10.879,91.92
4921,57.449443,14.257,70.14
4922,57.463981,14.538,68.78
4923,57.476143,12.162,82.22
4924,57.489202,13.059,76.58
4925,57.500531,11.329,88.27
4926,57.514016,13.486,74.15
4927,57.527184,13.167,75.95
4928,57.541328,14.145,70.70
4929,57.553247,11.919,83.90
4930,57.565196,11.950,83.68
4931,57.578439,13.243,75.51
4932,57.590199,11.759,85.04
4933,57.602427,12.228,81.78
4934,57.616775,14.348,69.70
4935,57.630561,13.787,72.53
4936,57.643276,12.715,78.65
4937,57.655440,12.164,82.21
4938,57.668630,13.190,75.81
4939,57.680172,11.541,86.64
4940,57.692484,12.312,81.22
4941,57.704232,11.748,85.12
4942,57.715491,11.258,88.82
4943,57.725584,10.093,99.08
4944,57.738115,12.531,79.80
4945,57.750292,12.177,82.12
4946,57.762720,12.428,80.46
4947,57.775005,12.285,81.40
4948,57.787848,12.843,77.86
4949,57.801375,13.527,73.93
4950,57.813670,12.295,81.34
4951,57.825303,11.633,85.96
4952,57.834840,9.538,104.85
4953,57.847379,12.539,79.75
4954,57.858916,11.537,86.67
4955,57.870366,11.449,87.34
4956,57.883815,13.449,74.36
4957,57.894054,10.240,97.66
4958,57.906445,12.390,80.71
4959,57.919394,12.949,77.22
4960,57.932474,13.080,76.45
4961,57.944675,12.201,81.96
4962,57.958395,13.720,72.89
4963,57.971478,13.083,76.44
4964,57.984418,12.940,77.28
4965,57.996483,12.065,82.88
4966,58.009489,13.006,76.89
4967,58.022281,12.792,78.17
4968,58.031504,9.223,108.43
4969,58.044008,12.505,79.97
4970,58.057409,13.400,74.63
4971,58.070189,12.780,78.25
4972,58.083248,13.060,76.57
4973,58.096792,13.544,73.83
4974,58.111098,14.305,69.90
4975,58.122134,11.036,90.61
4976,58.134553,12.418,80.53
4977,58.148348,13.796,72.49
4978,58.163361,15.013,66.61
4979,58.176232,12.871,77.69
4980,58.188613,12.381,80.77
4981,58.199083,10.470,95.51
4982,58.210746,11.663,85.74
4983,58.222744,11.997,83.35
4984,58.234990,12.246,81.66
4985,58.248557,13.567,73.71
4986,58.261016,12.458,80.27
4987,58.275887,14.871,67.24
4988,58.286072,10.185,98.19
4989,58.297730,11.658,85.78
4990,58.309873,12.143,82.35
4991,58.321567,11.693,85.52
4992,58.333272,11.705,85.43
4993,58.347575,14.303,69.91
4994,58.360673,13.098,76.35
4995,58.372701,12.028,83.14
4996,58.383158,10.457,95.63
4997,58.397739,14.580,68.58
4998,58.410714,12.975,77.07
4999,58.423916,13.202,75.74
5000,58.435362,11.446,87.37
5001,58.448448,13.086,76.42
5002,58.460411,11.964,83.59
5003,58.473864,13.453,74.33
5004,58.486944,13.080,76.46
5005,58.498197,11.254,88.86
5006,58.507387,9.190,108.82
5007,58.518002,10.615,94.21
5008,58.532453,14.451,69.20
5009,58.542420,9.967,100.33
5010,58.555402,12.982,77.03
5011,58.568374,12.972,77.09
5012,58.577844,9.470,105.60
5013,58.591062,13.218,75.65
5014,58.603298,12.236,81.73
5015,58.613920,10.622,94.15
5016,58.626955,13.035,76.72
5017,58.638774,11.819,84.61
5018,58.650552,11.779,84.90
5019,58.662055,11.503,86.93
5020,58.675530,13.474,74.21
5021,58.689233,13.703,72.98
5022,58.703339,14.106,70.89
5023,58.717715,14.376,69.56
5024,58.729039,11.324,88.31
5025,58.741269,12.230,81.77
5026,58.753672,12.403,80.62
5027,58.769566,15.894,62.92
5028,58.781031,11.465,87.22
5029,58.793810,12.779,78.25
5030,58.804640,10.829,92.34
5031,58.815341,10.702,93.44
5032,58.830258,14.917,67.04
5033,58.842592,12.333,81.08
5034,58.856360,13.768,72.63
5035,58.870027,13.667,73.17
5036,58.881352,11.325,88.30
5037,58.893655,12.303,81.28
5038,58.907573,13.918,71.85
5039,58.920453,12.880,77.64
5040,58.932457,12.003,83.31
5041,58.943753,11.296,88.53
5042,58.957317,13.564,73.72
5043,58.968648,11.331,88.26
5044,58.982362,13.714,72.92
5045,58.994273,11.911,83.96
5046,59.006236,11.963,83.59
5047,59.017605,11.369,87.95
5048,59.028496,10.891,91.82
5049,59.041212,12.716,78.64
5050,59.053445,12.233,81.75
5051,59.066301,12.856,77.78
5052,59.077925,11.624,86.03
5053,59.089504,11.579,86.36
5054,59.099496,9.992,100.08
5055,59.113334,13.838,72.27
5056,59.124282,10.948,91.34
5057,59.136692,12.410,80.58
5058,59.148458,11.766,84.99
5059,59.160646,12.188,82.05
5060,59.175679,15.033,66.52
5061,59.189214,13.534,73.89
5062,59.202602,13.389,74.69
5063,59.213411,10.809,92.52
5064,59.228777,15.366,65.08
5065,59.241127,12.350,80.97
5066,59.250535,9.407,106.30
5067,59.261924,11.389,87.80
5068,59.275230,13.306,75.15
5069,59.287191,11.961,83.60
5070,59.302344,15.153,66.00
5071,59.317043,14.699,68.03
5072,59.329441,12.397,80.66
5073,59.340369,10.928,91.51
5074,59.353881,13.512,74.01
5075,59.367242,13.361,74.84
5076,59.381061,13.819,72.37
5077,59.391349,10.288,97.20
5078,59.401352,10.003,99.97
5079,59.413278,11.926,83.85
5080,59.426300,13.022,76.79
5081,59.437459,11.158,89.62
5082,59.450254,12.796,78.15
5083,59.461454,11.200,89.29
5084,59.473645,12.191,82.03
5085,59.486968,13.323,75.06
5086,59.500208,13.240,75.53
5087,59.513163,12.955,77.19
5088,59.523106,9.943,100.57
5089,59.537227,14.121,70.82
5090,59.548231,11.004,90.87
5091,59.558513,10.282,97.26
5092,59.571053,12.540,79.74
5093,59.583882,12.829,77.95
5094,59.596341,12.459,80.26
5095,59.608859,12.518,79.88
5096,59.619015,10.156,98.46
5097,59.633561,14.545,68.75
5098,59.646457,12.896,77.54
5099,59.660376,13.919,71.84
5100,59.672887,12.511,79.93
5101,59.686099,13.213,75.69
5102,59.699103,13.004,76.90
5103,59.713778,14.674,68.15
5104,59.726444,12.667,78.95
5105,59.740245,13.800,72.46
5106,59.752380,12.136,82.40
5107,59.763735,11.355,88.07
5108,59.774309,10.573,94.58
5109,59.785674,11.366,87.98
5110,59.797372,11.697,85.49
5111,59.811988,14.616,68.42
5112,59.825951,13.963,71.62
5113,59.838588,12.637,79.13
5114,59.848421,9.833,101.70
5115,59.864324,15.903,62.88
5116,59.876012,11.688,85.56
5117,59.889530,13.517,73.98
5118,59.901207,11.677,85.64
5119,59.910981,9.774,102.31
5120,59.922575,11.594,86.25
5121,59.937843,15.268,65.50
5122,59.949805,11.963,83.59
5123,59.962624,12.819,78.01
5124,59.974569,11.945,83.72
5125,59.985477,10.907,91.68
5126,59.999156,13.679,73.10
5127,60.013660,14.504,68.95
5128,60.025646,11.986,83.43
5129,60.039896,14.250,70.17
5130,60.051863,11.967,83.56
5131,60.064806,12.943,77.26
5132,60.076664,11.857,84.34
5133,60.088865,12.202,81.96
5134,60.103787,14.922,67.02
5135,60.115782,11.995,83.37
5136,60.128251,12.468,80.20
5137,60.140658,12.407,80.60
5138,60.151616,10.959,91.25
5139,60.162509,10.893,91.80
5140,60.176152,13.643,73.30
5141,60.188535,12.383,80.76
5142,60.201128,12.594,79.41
5143,60.215202,14.074,71.05
5144,60.227934,12.732,78.54
5145,60.242244,14.310,69.88
5146,60.254118,11.874,84.22
5147,60.266135,12.017,83.22
5148,60.277862,11.727,85.27
5149,60.289989,12.127,82.46
5150,60.300993,11.004,90.87
5151,60.312538,11.545,86.62
5152,60.325402,12.864,77.74
5153,60.339350,13.948,71.70
5154,60.353863,14.513,68.90
5155,60.369435,15.571,64.22
5156,60.381936,12.501,79.99
5157,60.394365,12.430,80.45
5158,60.406741,12.376,80.80
5159,60.418913,12.172,82.16
5160,60.430079,11.166,89.56
5161,60.441407,11.328,88.28
5162,60.454275,12.868,77.71
5163,60.467399,13.124,76.20
5164,60.479545,12.146,82.33
5165,60.493739,14.194,70.45
5166,60.503436,9.697,103.13
5167,60.512821,9.386,106.55
5168,60.525788,12.967,77.12
5169,60.539119,13.331,75.01
5170,60.550034,10.915,91.62
5171,60.561326,11.292,88.56
5172,60.572133,10.808,92.53
5173,60.585938,13.805,72.44
5174,60.600187,14.249,70.18
5175,60.610673,10.485,95.37
5176,60.621615,10.943,91.38
5177,60.635593,13.978,71.54
5178,60.648666,13.072,76.50
5179,60.660474,11.809,84.68
5180,60.672894,12.419,80.52
5181,60.685470,12.576,79.52
5182,60.696965,11.495,86.99
5183,60.711218,14.254,70.16
5184,60.723631,12.413,80.56
5185,60.734901,11.270,88.73
5186,60.749374,14.473,69.10
5187,60.761153,11.779,84.90
5188,60.774415,13.262,75.40
5189,60.784791,10.377,96.37
5190,60.797024,12.233,81.74
5191,60.809094,12.070,82.85
5192,60.821224,12.130,82.44
5193,60.834088,12.864,77.74
5194,60.846448,12.360,80.91
5195,60.857495,11.048,90.52
5196,60.867820,10.325,96.86
5197,60.878775,10.955,91.28
5198,60.892682,13.907,71.91
5199,60.904592,11.909,83.97
5200,60.915113,10.521,95.05
5201,60.927852,12.739,78.50
5202,60.941256,13.405,74.60
5203,60.954450,13.194,75.79
5204,60.968530,14.080,71.02
5205,60.981355,12.825,77.97
5206,60.993217,11.862,84.31
5207,61.007774,14.557,68.69
5208,61.020272,12.498,80.01
5209,61.033823,13.551,73.80
5210,61.046931,13.109,76.29
5211,61.059844,12.913,77.44
5212,61.072513,12.669,78.94
5213,61.085782,13.269,75.37
5214,61.099078,13.297,75.21
5215,61.112843,13.765,72.65
5216,61.124820,11.977,83.49
5217,61.137249,12.429,80.46
5218,61.148848,11.598,86.22
5219,61.163628,14.780,67.66
5220,61.177743,14.115,70.85
5221,61.187195,9.453,105.79
5222,61.200996,13.801,72.46
5223,61.213014,12.018,83.21
5224,61.227952,14.938,66.94
5225,61.237725,9.773,102.32
5226,61.248045,10.319,96.91
5227,61.258905,10.860,92.08
5228,61.273026,14.122,70.81
5229,61.286192,13.165,75.96
5230,61.300657,14.465,69.13
5231,61.311450,10.794,92.65
5232,61.324522,13.072,76.50
5233,61.337458,12.936,77.30
5234,61.350249,12.791,78.18
5235,61.363476,13.227,75.60
5236,61.373694,10.218,97.86
5237,61.385701,12.007,83.28
5238,61.397991,12.290,81.37
5239,61.409467,11.477,87.13
5240,61.419692,10.224,97.81
5241,61.434835,15.143,66.04
5242,61.447183,12.348,80.99
5243,61.458318,11.135,89.80
5244,61.471743,13.425,74.49
5245,61.484477,12.734,78.53
5246,61.495415,10.938,91.42
5247,61.507617,12.201,81.96
5248,61.520342,12.725,78.58
5249,61.530396,10.054,99.47
5250,61.541403,11.007,90.85
5251,61.551944,10.541,94.87
5252,61.565524,13.579,73.64
5253,61.577609,12.086,82.74
5254,61.591157,13.548,73.81
5255,61.602264,11.107,90.03
5256,61.614194,11.930,83.82
5257,61.625682,11.488,87.05
5258,61.638816,13.135,76.13
5259,61.650184,11.368,87.97
5260,61.663784,13.600,73.53
5261,61.675116,11.332,88.24
5262,61.687466,12.349,80.98
5263,61.698722,11.256,88.84
5264,61.708643,9.922,100.79
5265,61.721246,12.603,79.35
5266,61.732766,11.520,86.81
5267,61.742926,10.160,98.42
5268,61.754982,12.056,82.95
5269,61.765546,10.564,94.66
5270,61.777608,12.063,82.90
5271,61.787804,10.196,98.08
5272,61.798804,11.000,90.91
5273,61.810343,11.538,86.67
5274,61.825357,15.014,66.60
5275,61.838727,13.370,74.80
5276,61.853673,14.946,66.91
5277,61.866005,12.332,81.09
5278,61.878037,12.032,83.11
5279,61.889532,11.495,86.99
5280,61.901476,11.944,83.73
5281,61.916161,14.686,68.09
5282,61.930961,14.800,67.57
5283,61.943916,12.955,77.19
5284,61.957125,13.209,75.71
5285,61.969889,12.764,78.35
5286,61.983153,13.264,75.39
5287,61.996350,13.197,75.77
5288,62.008796,12.445,80.35
5289,62.019133,10.337,96.74
5290,62.030646,11.513,86.86
5291,62.042506,11.861,84.31
5292,62.055690,13.183,75.85
5293,62.068726,13.036,76.71
5294,62.083052,14.326,69.80
5295,62.094502,11.450,87.33
5296,62.105791,11.288,88.59
5297,62.119120,13.330,75.02
5298,62.128438,9.318,107.32
5299,62.141617,13.179,75.88
5300,62.153581,11.964,83.59
5301,62.167438,13.858,72.16
5302,62.180767,13.328,75.03
5303,62.193872,13.106,76.30
5304,62.206538,12.666,78.95
5305,62.218975,12.436,80.41
5306,62.232081,13.106,76.30
5307,62.241881,9.800,102.04
5308,62.252661,10.780,92.77
5309,62.264212,11.552,86.57
5310,62.275561,11.349,88.12
5311,62.290121,14.560,68.68
5312,62.300272,10.150,98.52
5313,62.311222,10.950,91.32
5314,62.323101,11.879,84.18
5315,62.334775,11.674,85.66
5316,62.349534,14.758,67.76
5317,62.362332,12.799,78.13
5318,62.374571,12.239,81.71
5319,62.388307,13.736,72.80
5320,62.401538,13.231,75.58
5321,62.413414,11.877,84.20
5322,62.425430,12.015,83.23
5323,62.438581,13.151,76.04
5324,62.449287,10.706,93.40
5325,62.459351,10.064,99.36
5326,62.471362,12.011,83.26
5327,62.483843,12.481,80.12
5328,62.497346,13.504,74.05
5329,62.510281,12.934,77.31
5330,62.523172,12.891,77.58
5331,62.535486,12.314,81.21
5332,62.546667,11.182,89.43
5333,62.559166,12.498,80.01
5334,62.572656,13.491,74.13
5335,62.586207,13.551,73.80
5336,62.598942,12.735,78.53
5337,62.610987,12.045,83.02
5338,62.624324,13.337,74.98
5339,62.638065,13.741,72.77
5340,62.650854,12.789,78.19
5341,62.663439,12.585,79.46
5342,62.676334,12.894,77.55
5343,62.688572,12.238,81.71
5344,62.701313,12.742,78.48
5345,62.713117,11.804,84.72
5346,62.725469,12.352,80.96
5347,62.738477,13.008,76.88
5348,62.750278,11.800,84.74
5349,62.764029,13.751,72.72
5350,62.776960,12.931,77.33
5351,62.790158,13.198,75.77
5352,62.801726,11.568,86.45
5353,62.814871,13.145,76.08
5354,62.829096,14.225,70.30
5355,62.840130,11.033,90.63
5356,62.853373,13.244,75.51
5357,62.866100,12.727,78.58
5358,62.875702,9.602,104.14
5359,62.890889,15.187,65.85
5360,62.902686,11.796,84.77
5361,62.915312,12.627,79.20
5362,62.927532,12.220,81.84
5363,62.940455,12.923,77.38
5364,62.951851,11.396,87.75
5365,62.964646,12.795,78.16
5366,62.977913,13.267,75.38
5367,62.988465,10.553,94.76
5368,63.003331,14.866,67.27
5369,63.015580,12.249,81.64
5370,63.029529,13.949,71.69
5371,63.040379,10.850,92.17
5372,63.054417,14.038,71.23
5373,63.067054,12.637,79.13
5374,63.079721,12.667,78.95
5375,63.091417,11.697,85.49
5376,63.103537,12.120,82.51
5377,63.118121,14.584,68.57
5378,63.131266,13.145,76.07
5379,63.144859,13.593,73.57
5380,63.156087,11.228,89.06
5381,63.169079,12.992,76.97
5382,63.182840,13.761,72.67
5383,63.196131,13.292,75.24
5384,63.209121,12.989,76.99
5385,63.222600,13.479,74.19
5386,63.233535,10.935,91.45
5387,63.246414,12.879,77.65
5388,63.259379,12.965,77.13
5389,63.272648,13.269,75.36
5390,63.283861,11.212,89.19
5391,63.296356,12.495,80.03
5392,63.307067,10.711,93.36
5393,63.322722,15.655,63.88
5394,63.337891,15.169,65.92
5395,63.349678,11.787,84.84
5396,63.362256,12.578,79.51
5397,63.375780,13.524,73.94
5398,63.388116,12.337,81.06
5399,63.400368,12.252,81.62
5400,63.410947,10.579,94.53
5401,63.422127,11.181,89.44
5402,63.431875,9.747,102.59
5403,63.445622,13.747,72.74
5404,63.457445,11.823,84.58
5405,63.468513,11.068,90.35
5406,63.481478,12.965,77.13
5407,63.497212,15.734,63.56
5408,63.509407,12.195,82.00
5409,63.523032,13.625,73.39
5410,63.535568,12.536,79.77
5411,63.548677,13.109,76.28
5412,63.561734,13.057,76.59
5413,63.573663,11.929,83.83
5414,63.585206,11.542,86.64
5415,63.594979,9.773,102.32
5416,63.608800,13.821,72.36
5417,63.620426,11.627,86.01
5418,63.632511,12.085,82.75
5419,63.646268,13.756,72.69
5420,63.657021,10.753,92.99
5421,63.667689,10.668,93.74
5422,63.678318,10.629,94.08
5423,63.693476,15.158,65.97
5424,63.704417,10.941,91.40
5425,63.716495,12.077,82.80
5426,63.728567,12.072,82.83
5427,63.742343,13.775,72.59
5428,63.755540,13.197,75.77
5429,63.767146,11.606,86.16
5430,63.779089,11.943,83.73
5431,63.791481,12.392,80.70
5432,63.804111,12.630,79.18
5433,63.819203,15.092,66.26
5434,63.832859,13.655,73.23
5435,63.843880,11.021,90.74
5436,63.856998,13.119,76.23
5437,63.869051,12.053,82.97
5438,63.881530,12.479,80.14
5439,63.894933,13.403,74.61
5440,63.908337,13.404,74.60
5441,63.919755,11.418,87.58
5442,63.932616,12.861,77.75
5443,63.946597,13.981,71.53
5444,63.957298,10.701,93.44
5445,63.966395,9.097,109.93
5446,63.977067,10.672,93.70
5447,63.989023,11.955,83.64
5448,64.001219,12.196,81.99
5449,64.014232,13.013,76.84
5450,64.027992,13.760,72.68
5451,64.041893,13.902,71.93
5452,64.052824,10.930,91.49
5453,64.067142,14.318,69.84
5454,64.079197,12.055,82.95
5455,64.092537,13.341,74.96
5456,64.102744,10.207,97.97
5457,64.117053,14.309,69.89
5458,64.127665,10.612,94.24
5459,64.139842,12.178,82.12
5460,64.152827,12.985,77.01
5461,64.166746,13.918,71.85
5462,64.180585,13.839,72.26
5463,64.193898,13.313,75.12
5464,64.204836,10.938,91.42
5465,64.217391,12.555,79.65
5466,64.228476,11.086,90.21
5467,64.241892,13.416,74.54
5468,64.255036,13.144,76.08
5469,64.266468,11.432,87.48
5470,64.279210,12.742,78.48
5471,64.292300,13.090,76.39
5472,64.305352,13.052,76.62
5473,64.315970,10.618,94.18
5474,64.330922,14.952,66.88
5475,64.344794,13.872,72.09
5476,64.358479,13.685,73.07
5477,64.368911,10.432,95.86
5478,64.381819,12.909,77.47
5479,64.394936,13.117,76.24
5480,64.409215,14.279,70.03
5481,64.421392,12.178,82.12
5482,64.434993,13.601,73.52
5483,64.445419,10.426,95.91
5484,64.457655,12.236,81.73
5485,64.469267,11.611,86.12
5486,64.483748,14.481,69.05
5487,64.497904,14.156,70.64
5488,64.510976,13.072,76.50
5489,64.524771,13.795,72.49
5490,64.537810,13.039,76.69
5491,64.551972,14.162,70.61
5492,64.565089,13.117,76.24
5493,64.577195,12.106,82.60
5494,64.590071,12.875,77.67
5495,64.602650,12.579,79.50
5496,64.615269,12.619,79.24
5497,64.626083,10.814,92.48
5498,64.638435,12.352,80.96
5499,64.649346,10.911,91.65
5500,64.661226,11.880,84.17
5501,64.674768,13.542,73.85
5502,64.688990,14.223,70.31
5503,64.697736,8.745,114.35
5504,64.711369,13.633,73.35
5505,64.723517,12.148,82.32
5506,64.736159,12.641,79.11
5507,64.749121,12.962,77.15
5508,64.758759,9.638,103.76
5509,64.771906,13.147,76.06
5510,64.785170,13.264,75.39
5511,64.796261,11.091,90.16
5512,64.810711,14.451,69.20
5513,64.821033,10.322,96.88
5514,64.834215,13.182,75.86
5515,64.848318,14.103,70.91
5516,64.863416,15.098,66.23
5517,64.876778,13.362,74.84
5518,64.886697,9.918,100.82
5519,64.898333,11.636,85.94
5520,64.911009,12.676,78.89
5521,64.923984,12.975,77.07
5522,64.933337,9.353,106.92
5523,64.949066,15.729,63.58
5524,64.960848,11.782,84.87
5525,64.972026,11.177,89.47
5526,64.984008,11.983,83.45
5527,64.997710,13.702,72.98
5528,65.011342,13.632,73.36
5529,65.025918,14.576,68.60
5530,65.040257,14.339,69.74
5531,65.052406,12.149,82.31
5532,65.064929,12.522,79.86
5533,65.078402,13.473,74.22
5534,65.090085,11.683,85.59
5535,65.103330,13.244,75.50
5536,65.116716,13.386,74.70
5537,65.130089,13.374,74.77
5538,65.139713,9.624,103.91
5539,65.153639,13.926,71.81
5540,65.167296,13.657,73.22
5541,65.178646,11.350,88.10
5542,65.189231,10.586,94.47
5543,65.200977,11.746,85.13
5544,65.214689,13.712,72.93
5545,65.229751,15.062,66.39
5546,65.241585,11.834,84.50
5547,65.254229,12.644,79.09
5548,65.266655,12.426,80.48
5549,65.277149,10.494,95.29
5550,65.290659,13.511,74.02
5551,65.303685,13.026,76.77
5552,65.314252,10.567,94.64
5553,65.328151,13.899,71.95
5554,65.340878,12.727,78.57
5555,65.354522,13.644,73.29
5556,65.366962,12.440,80.39
5557,65.379862,12.901,77.52
5558,65.393462,13.600,73.53
5559,65.406860,13.398,74.64
5560,65.418524,11.664,85.74
5561,65.431875,13.352,74.90
5562,65.444451,12.576,79.52
5563,65.459086,14.635,68.33
5564,65.469945,10.859,92.09
5565,65.480102,10.157,98.45
5566,65.490387,10.285,97.23
5567,65.502697,12.310,81.23
5568,65.511251,8.554,116.91
5569,65.523645,12.394,80.68
5570,65.535869,12.224,81.81
5571,65.548317,12.447,80.34
5572,65.557820,9.503,105.23
5573,65.570277,12.457,80.28
5574,65.582460,12.183,82.08
5575,65.596168,13.709,72.95
5576,65.607317,11.148,89.70
5577,65.619638,12.321,81.16
5578,65.631995,12.357,80.93
5579,65.644347,12.352,80.96
5580,65.654864,10.518,95.08
5581,65.668162,13.297,75.20
5582,65.682466,14.304,69.91
5583,65.695268,12.803,78.11
5584,65.704838,9.570,104.50
5585,65.715032,10.194,98.10
5586,65.727181,12.149,82.31
5587,65.738389,11.209,89.22
5588,65.750681,12.291,81.36
5589,65.762438,11.758,85.05
5590,65.775751,13.313,75.11
5591,65.785994,10.243,97.63
5592,65.795298,9.303,107.49
5593,65.807550,12.252,81.62
5594,65.820453,12.903,77.50
5595,65.832844,12.391,80.70
5596,65.846272,13.428,74.47
5597,65.859530,13.259,75.42
5598,65.872388,12.858,77.77
5599,65.885270,12.881,77.63
5600,65.895731,10.462,95.59
5601,65.907531,11.799,84.75
5602,65.919899,12.368,80.85
5603,65.933179,13.280,75.30
5604,65.946566,13.386,74.70
5605,65.961744,15.179,65.88
5606,65.974017,12.273,81.48
5607,65.983943,9.926,100.74
5608,65.996516,12.573,79.54
5609,66.008695,12.179,82.11
5610,66.021421,12.726,78.58
5611,66.032533,11.113,89.99
5612,66.042889,10.356,96.57
5613,66.056004,13.115,76.25
5614,66.069589,13.584,73.61
5615,66.082107,12.518,79.88
5616,66.095082,12.975,77.07
5617,66.106256,11.174,89.49
5618,66.119500,13.244,75.50
5619,66.131227,11.726,85.28
5620,66.143143,11.916,83.92
5621,66.156194,13.050,76.63
5622,66.167835,11.641,85.90
5623,66.178371,10.536,94.91
5624,66.191460,13.089,76.40
5625,66.205371,13.911,71.88
5626,66.218969,13.598,73.54
5627,66.231136,12.167,82.19
5628,66.241900,10.764,92.90
5629,66.254520,12.621,79.23
5630,66.268411,13.890,71.99
5631,66.280052,11.641,85.90
5632,66.291203,11.151,89.68
5633,66.305282,14.079,71.03
5634,66.317070,11.788,84.83
5635,66.329119,12.049,83.00
5636,66.339911,10.793,92.65
5637,66.351136,11.225,89.09
5638,66.363504,12.368,80.85
5639,66.376548,13.044,76.66
5640,66.386864,10.316,96.94
5641,66.397882,11.018,90.76
5642,66.411412,13.531,73.91
5643,66.426204,14.792,67.61
5644,66.437855,11.651,85.83
5645,66.450432,12.577,79.51
5646,66.463549,13.117,76.24
5647,66.476862,13.314,75.11
5648,66.489104,12.242,81.69
5649,66.503673,14.569,68.64
5650,66.514895,11.222,89.11
5651,66.526460,11.565,86.47
5652,66.535928,9.468,105.62
5653,66.548869,12.941,77.28
5654,66.561233,12.364,80.88
5655,66.573241,12.008,83.28
5656,66.585523,12.282,81.42
5657,66.598327,12.803,78.10
5658,66.611104,12.777,78.26
5659,66.624350,13.246,75.50
5660,66.635874,11.524,86.78
5661,66.648264,12.390,80.71
5662,66.660071,11.807,84.70
5663,66.672520,12.449,80.33
5664,66.685141,12.622,79.23
5665,66.698183,13.041,76.68
5666,66.709097,10.915,91.62
5667,66.720862,11.765,85.00
5668,66.733483,12.621,79.23
5669,66.745569,12.086,82.74
5670,66.759240,13.671,73.15
5671,66.771785,12.545,79.71
5672,66.785329,13.544,73.83
5673,66.799261,13.932,71.77
5674,66.811686,12.424,80.49
5675,66.824993,13.307,75.15
5676,66.839608,14.614,68.43
5677,66.850934,11.326,88.29
5678,66.861576,10.642,93.97
5679,66.873531,11.955,83.65
5680,66.884492,10.961,91.23
5681,66.895930,11.439,87.42
5682,66.909256,13.326,75.04
5683,66.922498,13.242,75.52
5684,66.934257,11.759,85.04
5685,66.946958,12.701,78.74
5686,66.963487,16.529,60.50
5687,66.976711,13.225,75.62
5688,66.989858,13.147,76.06
5689,67.002558,12.700,78.74
5690,67.016588,14.030,71.28
5691,67.030899,14.311,69.88
5692,67.042568,11.669,85.70
5693,67.057233,14.666,68.19
5694,67.070419,13.185,75.84
5695,67.083746,13.328,75.03
5696,67.095245,11.498,86.97
5697,67.105998,10.753,93.00
5698,67.120303,14.305,69.91
5699,67.132363,12.060,82.92
5700,67.145415,13.051,76.62
5701,67.157812,12.397,80.66
5702,67.169459,11.647,85.86
5703,67.183290,13.831,72.30
5704,67.194795,11.505,86.92
5705,67.207567,12.771,78.30
5706,67.221882,14.316,69.85
5707,67.234411,12.528,79.82
5708,67.246566,12.155,82.27
5709,67.259364,12.798,78.14
5710,67.271630,12.267,81.52
5711,67.282875,11.245,88.93
5712,67.294784,11.909,83.97
5713,67.308351,13.566,73.71
5714,67.321147,12.796,78.15
5715,67.332929,11.782,84.87
5716,67.344934,12.005,83.30
5717,67.359242,14.308,69.89
5718,67.371697,12.456,80.29
5719,67.384539,12.841,77.87
5720,67.394610,10.071,99.29
5721,67.409159,14.550,68.73
5722,67.422628,13.468,74.25
5723,67.437707,15.079,66.32
5724,67.450905,13.198,75.77
5725,67.463389,12.485,80.10
5726,67.476465,13.076,76.48
5727,67.488857,12.392,80.70
5728,67.502515,13.658,73.22
5729,67.515486,12.971,77.09
5730,67.529062,13.576,73.66
5731,67.541005,11.943,83.73
5732,67.552634,11.629,85.99
5733,67.565257,12.623,79.22
5734,67.578345,13.088,76.40
5735,67.589093,10.748,93.04
5736,67.603439,14.346,69.71
5737,67.616641,13.202,75.75
5738,67.629027,12.386,80.73
5739,67.642321,13.295,75.22
5740,67.655685,13.363,74.83
5741,67.667424,11.739,85.19
5742,67.680960,13.536,73.88
5743,67.692422,11.462,87.24
5744,67.703803,11.381,87.87
5745,67.717408,13.605,73.50
5746,67.732087,14.678,68.13
5747,67.747539,15.453,64.71
5748,67.758189,10.650,93.90
5749,67.771693,13.504,74.05
5750,67.785416,13.723,72.87
5751,67.796697,11.281,88.65
5752,67.806002,9.305,107.47
5753,67.819007,13.005,76.89
5754,67.829329,10.322,96.88
5755,67.841673,12.343,81.01
5756,67.854119,12.446,80.35
5757,67.866408,12.289,81.37
5758,67.880363,13.955,71.66
5759,67.893177,12.814,78.04
5760,67.907629,14.452,69.20
5761,67.920739,13.110,76.28
5762,67.934848,14.109,70.88
5763,67.946792,11.944,83.72
5764,67.957026,10.234,97.71
5765,67.969510,12.485,80.10
5766,67.984417,14.907,67.08
5767,67.997433,13.015,76.83
5768,68.008157,10.725,93.24
5769,68.021064,12.906,77.48
5770,68.033275,12.211,81.89
5771,68.045974,12.699,78.75
5772,68.058252,12.278,81.45
5773,68.069735,11.483,87.09
5774,68.081684,11.950,83.69
5775,68.094003,12.319,81.18
5776,68.104558,10.555,94.74
5777,68.118020,13.462,74.28
5778,68.131826,13.806,72.43
5779,68.144473,12.646,79.07
5780,68.155796,11.323,88.31
5781,68.167671,11.875,84.21
5782,68.179361,11.690,85.54
5783,68.190609,11.248,88.90
5784,68.203199,12.590,79.43
5785,68.218508,15.309,65.32
5786,68.231865,13.357,74.87
5787,68.244405,12.540,79.74
5788,68.257683,13.278,75.31
5789,68.269961,12.278,81.44
5790,68.283476,13.515,73.99
5791,68.294827,11.351,88.10
5792,68.308670,13.842,72.24
5793,68.321648,12.978,77.05
5794,68.333199,11.551,86.57
5795,68.344832,11.633,85.97
5796,68.354561,9.730,102.78
5797,68.366962,12.401,80.64
5798,68.377916,10.954,91.29
5799,68.392499,14.583,68.57
5800,68.404998,12.499,80.01
5801,68.417223,12.225,81.80
5802,68.431869,14.645,68.28
5803,68.441622,9.753,102.53
5804,68.456977,15.355,65.12
5805,68.468182,11.205,89.25
5806,68.482436,14.254,70.16
5807,68.492443,10.007,99.93
5808,68.504819,12.376,80.80
5809,68.518405,13.586,73.61
5810,68.532985,14.581,68.58
5811,68.544490,11.505,86.92
5812,68.556564,12.074,82.82
5813,68.568657,12.093,82.69
5814,68.580582,11.925,83.86
5815,68.596396,15.814,63.24
5816,68.608863,12.467,80.21
5817,68.621494,12.631,79.17
5818,68.632676,11.181,89.43
5819,68.643570,10.894,91.79
5820,68.653375,9.805,101.99
5821,68.665596,12.221,81.83
5822,68.678434,12.838,77.89
5823,68.690356,11.922,83.88
5824,68.701791,11.435,87.45
5825,68.712774,10.984,91.04
5826,68.725876,13.102,76.33
5827,68.738197,12.321,81.16
5828,68.749748,11.551,86.58
5829,68.759859,10.112,98.90
5830,68.773047,13.188,75.83
5831,68.785089,12.041,83.05
5832,68.796322,11.233,89.02
5833,68.809470,13.148,76.06
5834,68.821370,11.900,84.03
5835,68.834847,13.477,74.20
5836,68.847993,13.146,76.07
5837,68.860236,12.243,81.68
5838,68.872616,12.380,80.77
5839,68.883835,11.219,89.14
5840,68.896654,12.819,78.01
5841,68.907997,11.344,88.16
5842,68.921349,13.352,74.90
5843,68.933642,12.293,81.35
5844,68.945958,12.316,81.20
5845,68.956262,10.304,97.05
5846,68.968708,12.446,80.35
5847,68.981020,12.312,81.22
5848,68.993393,12.373,80.82
5849,69.006581,13.187,75.83
5850,69.020131,13.550,73.80
5851,69.031988,11.857,84.34
5852,69.043305,11.317,88.36
5853,69.057536,14.231,70.27
5854,69.070686,13.151,76.04
5855,69.082896,12.210,81.90
5856,69.095545,12.649,79.06
5857,69.107460,11.916,83.92
5858,69.118783,11.323,88.32
5859,69.131611,12.828,77.96
5860,69.144902,13.291,75.24
5861,69.157101,12.199,81.97
5862,69.168738,11.637,85.93
5863,69.180878,12.140,82.37
5864,69.193864,12.985,77.01
5865,69.204710,10.846,92.20
5866,69.215883,11.174,89.50
5867,69.229456,13.572,73.68
5868,69.243345,13.889,72.00
5869,69.256341,12.996,76.95
5870,69.270450,14.109,70.88
5871,69.285160,14.710,67.98
5872,69.295696,10.536,94.91
5873,69.309373,13.676,73.12
5874,69.322559,13.187,75.83
5875,69.332454,9.895,101.06
5876,69.343517,11.063,90.39
5877,69.355424,11.907,83.98
5878,69.365841,10.417,96.00
5879,69.377779,11.937,83.77
5880,69.390969,13.190,75.81
5881,69.402403,11.434,87.46
5882,69.415798,13.396,74.65
5883,69.431097,15.299,65.36
5884,69.445315,14.217,70.34
5885,69.457082,11.767,84.98
5886,69.472464,15.383,65.01
5887,69.486570,14.106,70.89
5888,69.500749,14.179,70.53
5889,69.513351,12.602,79.35
5890,69.526272,12.921,77.39
5891,69.539441,13.169,75.93
5892,69.553812,14.371,69.58
5893,69.567986,14.174,70.55
5894,69.582114,14.129,70.78
5895,69.593357,11.243,88.95
5896,69.604285,10.927,91.51
5897,69.615861,11.577,86.38
5898,69.626409,10.547,94.81
5899,69.639577,13.168,75.94
5900,69.651358,11.781,84.88
5901,69.664189,12.831,77.94
5902,69.675661,11.472,87.17
5903,69.686528,10.867,92.02
5904,69.699696,13.168,75.94
5905,69.709461,9.765,102.41
5906,69.723431,13.970,71.58
5907,69.739161,15.730,63.57
5908,69.754805,15.644,63.92
5909,69.766016,11.211,89.20
5910,69.779361,13.345,74.93
5911,69.791344,11.983,83.45
5912,69.805713,14.369,69.59
5913,69.818777,13.064,76.55
5914,69.832926,14.149,70.68
5915,69.844782,11.856,84.35
5916,69.858931,14.149,70.67
5917,69.871461,12.530,79.81
5918,69.883175,11.714,85.36
5919,69.896921,13.746,72.75
5920,69.905838,8.917,112.14
5921,69.921613,15.775,63.39
5922,69.934349,12.736,78.52
5923,69.946341,11.992,83.39
5924,69.956879,10.538,94.89
5925,69.970716,13.837,72.27
5926,69.982674,11.958,83.63
5927,69.993345,10.672,93.71
5928,70.004738,11.393,87.77
5929,70.017326,12.588,79.44
5930,70.029473,12.147,82.32
5931,70.042531,13.058,76.58
5932,70.054955,12.423,80.49
5933,70.066406,11.451,87.33
5934,70.078367,11.960,83.61
5935,70.092667,14.301,69.93
5936,70.102270,9.603,104.13
5937,70.115381,13.111,76.27
5938,70.126049,10.667,93.74
5939,70.140271,14.222,70.31
5940,70.153642,13.371,74.79
5941,70.168383,14.741,67.84
5942,70.181018,12.635,79.14
5943,70.190211,9.193,108.77
5944,70.199437,9.226,108.39
5945,70.213619,14.182,70.51
5946,70.226787,13.168,75.94
5947,70.239236,12.449,80.33
5948,70.252865,13.629,73.37
5949,70.263441,10.576,94.55
5950,70.276810,13.369,74.80
5951,70.289112,12.302,81.29
5952,70.300559,11.447,87.36
5953,70.314319,13.760,72.68
5954,70.326807,12.489,80.07
5955,70.340309,13.502,74.06
5956,70.352030,11.721,85.31
5957,70.364419,12.389,80.72
5958,70.378421,14.003,71.42
5959,70.392799,14.378,69.55
5960,70.405234,12.435,80.42
5961,70.417914,12.679,78.87
5962,70.429449,11.535,86.69
5963,70.439109,9.660,103.51
5964,70.453330,14.221,70.32
5965,70.466256,12.926,77.37
5966,70.478737,12.482,80.12
5967,70.490364,11.626,86.01
5968,70.500717,10.354,96.59
5969,70.528244,27.527,36.33
5970,70.535288,7.044,141.97
5971,70.545485,10.197,98.07
5972,70.554300,8.815,113.44
5973,70.565326,11.026,90.70
5974,70.575007,9.681,103.30
5975,70.607045,32.038,31.21
5976,70.616242,9.197,108.73
5977,70.624954,8.712,114.78
5978,70.634447,9.493,105.34
5979,70.642941,8.494,117.74
5980,70.651037,8.096,123.51
5981,70.682734,31.697,31.55
5982,70.692138,9.403,106.35
5983,70.702369,10.231,97.74
5984,70.710714,8.344,119.84
5985,70.719872,9.159,109.18
5986,70.729723,9.851,101.51
5987,70.759590,29.867,33.48
5988,70.771579,11.989,83.41
5989,70.780746,9.167,109.09
5990,70.790969,10.223,97.82
5991,70.799578,8.609,116.15
5992,70.809196,9.617,103.98
5993,70.839897,30.702,32.57
5994,70.848846,8.949,111.75
5995,70.856763,7.917,126.32
5996,70.865761,8.998,111.14
5997,70.873240,7.479,133.71
5998,70.882004,8.765,114.09
5999,70.924691,42.686,23.43
6000,70.935327,10.637,94.02
6001,70.943615,8.287,120.67
6002,70.950776,7.161,139.65
6003,70.959206,8.431,118.62
6004,70.969666,10.460,95.60
6005,70.988060,18.394,54.37
6006,70.998138,10.078,99.23
6007,71.007749,9.611,104.05
6008,71.015895,8.146,122.77
6009,71.023527,7.632,131.03
6010,71.031680,8.153,122.65
6011,71.063951,32.271,30.99
6012,71.072992,9.041,110.61
6013,71.083165,10.173,98.30
6014,71.092663,9.498,105.28
6015,71.100913,8.250,121.21
6016,71.109815,8.902,112.33
6017,71.144064,34.249,29.20
6018,71.153919,9.856,101.46
6019,71.170531,16.612,60.20
6020,71.204602,34.071,29.35
6021,71.221227,16.625,60.15
6022,71.254333,33.106,30.21
6023,71.271445,17.112,58.44
6024,71.304708,33.263,30.06
6025,71.321698,16.990,58.86
6026,71.355571,33.873,29.52
6027,71.373033,17.463,57.27
6028,71.406097,33.064,30.24
6029,71.422744,16.647,60.07
6030,71.456180,33.436,29.91
6031,71.472673,16.493,60.63
6032,71.506485,33.812,29.58
6033,71.523553,17.068,58.59
6034,71.556881,33.328,30.01
6035,71.573373,16.492,60.63
6036,71.607182,33.809,29.58
6037,71.624117,16.935,59.05
6038,71.657361,33.244,30.08
6039,71.674101,16.740,59.74
6040,71.707436,33.335,30.00
6041,71.723960,16.524,60.52
6042,71.757822,33.862,29.53
6043,71.774064,16.242,61.57
6044,71.806891,32.827,30.46
6045,71.823348,16.457,60.76
6046,71.856732,33.384,29.95
6047,71.872976,16.244,61.56
6048,71.906275,33.299,30.03
6049,71.922947,16.672,59.98
6050,71.956787,33.840,29.55
6051,71.973913,17.126,58.39
6052,72.007324,33.411,29.93
6053,72.024068,16.744,59.72
6054,72.057885,33.816,29.57
6055,72.074636,16.751,59.70
6056,72.108502,33.867,29.53
6057,72.124954,16.451,60.78
6058,72.157753,32.799,30.49
6059,72.174422,16.668,59.99
6060,72.207351,32.930,30.37
6061,72.223951,16.600,60.24
6062,72.256906,32.955,30.34
6063,72.273812,16.906,59.15
6064,72.307524,33.712,29.66
6065,72.324461,16.937,59.04
6066,72.357672,33.210,30.11
6067,72.373930,16.258,61.51
6068,72.407060,33.130,30.18
6069,72.423669,16.610,60.21
6070,72.457132,33.463,29.88
6071,72.473614,16.482,60.67
6072,72.506514,32.900,30.39
6073,72.523383,16.869,59.28
6074,72.556658,33.275,30.05
6075,72.573070,16.412,60.93
6076,72.606667,33.597,29.76
6077,72.623847,17.180,58.21
6078,72.656598,32.751,30.53
6079,72.673595,16.998,58.83
6080,72.706549,32.954,30.35
6081,72.722665,16.116,62.05
6082,72.756007,33.342,29.99
6083,72.772489,16.481,60.68
6084,72.805814,33.325,30.01
6085,72.822378,16.564,60.37
6086,72.855584,33.205,30.12
6087,72.872419,16.836,59.40
6088,72.905332,32.913,30.38
6089,72.921751,16.419,60.91
6090,72.954952,33.201,30.12
6091,72.971441,16.489,60.65
6092,73.004474,33.033,30.27
6093,73.021114,16.641,60.09
6094,73.054263,33.148,30.17
6095,73.070743,16.480,60.68
6096,73.104250,33.507,29.84
6097,73.121213,16.964,58.95
6098,73.153853,32.640,30.64
6099,73.170369,16.516,60.55
6100,73.203437,33.068,30.24
6101,73.219996,16.559,60.39
6102,73.253301,33.305,30.03
6103,73.269787,16.486,60.66
6104,73.303037,33.250,30.08
6105,73.320145,17.108,58.45
6106,73.353055,32.911,30.39
6107,73.369891,16.836,59.40
6108,73.403508,33.617,29.75
6109,73.419957,16.449,60.79
6110,73.453234,33.277,30.05
6111,73.469665,16.431,60.86
6112,73.503081,33.415,29.93
6113,73.519727,16.646,60.07
6114,73.553138,33.411,29.93
6115,73.570183,17.045,58.67
6116,73.603293,33.110,30.20
6117,73.620054,16.761,59.66
6118,73.653611,33.557,29.80
6119,73.670001,16.390,61.01
6120,73.703245,33.244,30.08
6121,73.719867,16.622,60.16
6122,73.753351,33.484,29.87
6123,73.770603,17.252,57.96
6124,73.803537,32.935,30.36
6125,73.820569,17.031,58.71
6126,73.854269,33.700,29.67
6127,73.871376,17.107,58.46
6128,73.904736,33.360,29.98
6129,73.921006,16.270,61.46
6130,73.954889,33.884,29.51
6131,73.971329,16.439,60.83
6132,74.004904,33.576,29.78
6133,74.020933,16.028,62.39
6134,74.053810,32.878,30.42
6135,74.070344,16.533,60.48
6136,74.103521,33.178,30.14
6137,74.120663,17.142,58.34
6138,74.153823,33.160,30.16
6139,74.170121,16.297,61.36
6140,74.203347,33.226,30.10
6141,74.219704,16.357,61.14
6142,74.253523,33.819,29.57
6143,74.270364,16.841,59.38
6144,74.303883,33.520,29.83
6145,74.320661,16.777,59.60
6146,74.354050,33.389,29.95
6147,74.370405,16.355,61.14
6148,74.404557,34.152,29.28
6149,74.421206,16.649,60.07
6150,74.454384,33.178,30.14
6151,74.471058,16.674,59.97
6152,74.504444,33.386,29.95
6153,74.521365,16.921,59.10
6154,74.554912,33.546,29.81
6155,74.571435,16.524,60.52
6156,74.604715,33.279,30.05
6157,74.621018,16.303,61.34
6158,74.654494,33.476,29.87
6159,74.670879,16.385,61.03
6160,74.704282,33.403,29.94
6161,74.720992,16.711,59.84
6162,74.754699,33.707,29.67
6163,74.771641,16.942,59.03
6164,74.804908,33.267,30.06
6165,74.821037,16.129,62.00
6166,74.854406,33.369,29.97
6167,74.871047,16.642,60.09
6168,74.903943,32.896,30.40
6169,74.920807,16.864,59.30
6170,74.953981,33.174,30.14
6171,74.970714,16.734,59.76
6172,75.004132,33.418,29.92
6173,75.020786,16.654,60.05
6174,75.054230,33.444,29.90
6175,75.070958,16.728,59.78
6176,75.104614,33.656,29.71
6177,75.121177,16.563,60.37
6178,75.154549,33.372,29.97
6179,75.171067,16.518,60.54
6180,75.204093,33.026,30.28
6181,75.220627,16.535,60.48
6182,75.254036,33.408,29.93
6183,75.270763,16.727,59.78
6184,75.304040,33.277,30.05
6185,75.320184,16.144,61.94
6186,75.353258,33.074,30.24
6187,75.369666,16.408,60.95
6188,75.402933,33.267,30.06
6189,75.420060,17.127,58.39
6190,75.453967,33.907,29.49
6191,75.470500,16.533,60.49
6192,75.503547,33.048,30.26
6193,75.520696,17.149,58.31
6194,75.554340,33.644,29.72
6195,75.571258,16.918,59.11
6196,75.604458,33.200,30.12
6197,75.620788,16.330,61.24
6198,75.654198,33.409,29.93
6199,75.671088,16.890,59.21
6200,75.704555,33.468,29.88
6201,75.721636,17.081,58.55
6202,75.755643,34.007,29.41
6203,75.772740,17.097,58.49
6204,75.806291,33.551,29.81
6205,75.822883,16.592,60.27
6206,75.856290,33.407,29.93
6207,75.873199,16.910,59.14
6208,75.906641,33.442,29.90
6209,75.923372,16.730,59.77
6210,75.956538,33.167,30.15
6211,75.972882,16.344,61.19
6212,76.006605,33.722,29.65
6213,76.022903,16.298,61.36
6214,76.056352,33.450,29.90
6215,76.073402,17.050,58.65
6216,76.106853,33.451,29.89
6217,76.123691,16.839,59.39
6218,76.157079,33.387,29.95
6219,76.174120,17.042,58.68
6220,76.207232,33.112,30.20
6221,76.223754,16.522,60.53
6222,76.257283,33.530,29.82
6223,76.273688,16.404,60.96
6224,76.306756,33.069,30.24
6225,76.323602,16.846,59.36
6226,76.356891,33.288,30.04
6227,76.373714,16.824,59.44
6228,76.406745,33.030,30.28
6229,76.423137,16.392,61.01
6230,76.456490,33.353,29.98
6231,76.473040,16.550,60.42
6232,76.506747,33.707,29.67
6233,76.523550,16.803,59.51
6234,76.556503,32.953,30.35
6235,76.573477,16.974,58.92
6236,76.607391,33.914,29.49
6237,76.623751,16.360,61.12
6238,76.656649,32.898,30.40
6239,76.673618,16.969,58.93
6240,76.706697,33.079,30.23
6241,76.723165,16.468,60.72
6242,76.756661,33.496,29.85
6243,76.773481,16.819,59.46
6244,76.807238,33.758,29.62
6245,76.824543,17.305,57.79
6246,76.857175,32.632,30.65
6247,76.874169,16.995,58.84
6248,76.907666,33.496,29.85
6249,76.924233,16.568,60.36
6250,76.957344,33.111,30.20
6251,76.974056,16.712,59.84
6252,77.007134,33.078,30.23
6253,77.023693,16.558,60.39
6254,77.056181,32.489,30.78
6255,77.072955,16.774,59.62
6256,77.106207,33.252,30.07
6257,77.123052,16.845,59.36
6258,77.156889,33.837,29.55
6259,77.173845,16.956,58.98
6260,77.206955,33.110,30.20
6261,77.223994,17.039,58.69
6262,77.257329,33.335,30.00
6263,77.274007,16.678,59.96
6264,77.306887,32.880,30.41
6265,77.323201,16.313,61.30
6266,77.356518,33.317,30.01
6267,77.373380,16.861,59.31
6268,77.406763,33.383,29.96
6269,77.423633,16.870,59.28
6270,77.457516,33.883,29.51
6271,77.474322,16.806,59.50
6272,77.507762,33.441,29.90
6273,77.524075,16.313,61.30
6274,77.557053,32.978,30.32
6275,77.573282,16.229,61.62
6276,77.607062,33.779,29.60
6277,77.623714,16.653,60.05
6278,77.657302,33.588,29.77
6279,77.673810,16.508,60.58
6280,77.707230,33.420,29.92
6281,77.724101,16.871,59.27
6282,77.757820,33.720,29.66
6283,77.774424,16.603,60.23
6284,77.807728,33.305,30.03
6285,77.824173,16.445,60.81
6286,77.857128,32.954,30.34
6287,77.874027,16.899,59.17
6288,77.907213,33.186,30.13
6289,77.923825,16.612,60.20
6290,77.956803,32.978,30.32
6291,77.973250,16.447,60.80
6292,78.006562,33.313,30.02
6293,78.022971,16.408,60.94
6294,78.056255,33.285,30.04
6295,78.072557,16.302,61.34
6296,78.106133,33.576,29.78
6297,78.123077,16.944,59.02
6298,78.156714,33.636,29.73
6299,78.173083,16.369,61.09
6300,78.206837,33.754,29.63
6301,78.223311,16.474,60.70
6302,78.256480,33.169,30.15
6303,78.272580,16.100,62.11
6304,78.306366,33.787,29.60
6305,78.323414,17.048,58.66
6306,78.356774,33.359,29.98
6307,78.373754,16.981,58.89
6308,78.406874,33.120,30.19
6309,78.423172,16.298,61.36
6310,78.456827,33.655,29.71
6311,78.473332,16.505,60.59
6312,78.506217,32.885,30.41
6313,78.523173,16.956,58.97
6314,78.556485,33.312,30.02
6315,78.572455,15.969,62.62
6316,78.605582,33.127,30.19
6317,78.621870,16.288,61.39
6318,78.655013,33.142,30.17
6319,78.671850,16.838,59.39
6320,78.705196,33.346,29.99
6321,78.722003,16.807,59.50
6322,78.755611,33.609,29.75
6323,78.771799,16.187,61.78
6324,78.804993,33.194,30.13
6325,78.822004,17.011,58.78
6326,78.855179,33.175,30.14
6327,78.871987,16.808,59.50
6328,78.905675,33.688,29.68
6329,78.921911,16.236,61.59
6330,78.955495,33.584,29.78
6331,78.971829,16.334,61.22
6332,79.005012,33.183,30.14
6333,79.021945,16.933,59.06
6334,79.055209,33.264,30.06
6335,79.071203,15.994,62.52
6336,79.104350,33.148,30.17
6337,79.120894,16.544,60.44
6338,79.153651,32.757,30.53
6339,79.169871,16.220,61.65
6340,79.202742,32.870,30.42
6341,79.219539,16.798,59.53
6342,79.253026,33.487,29.86
6343,79.269639,16.613,60.19
6344,79.302912,33.273,30.05
6345,79.318847,15.936,62.75
6346,79.352246,33.398,29.94
6347,79.369290,17.045,58.67
6348,79.402162,32.872,30.42
6349,79.418902,16.740,59.74
6350,79.452319,33.417,29.92
6351,79.468716,16.397,60.99
6352,79.501905,33.189,30.13
6353,79.518363,16.458,60.76
6354,79.551344,32.981,30.32
6355,79.568115,16.771,59.63
6356,79.601929,33.814,29.57
6357,79.618114,16.185,61.78
6358,79.651477,33.363,29.97
6359,79.667557,16.080,62.19
6360,79.701127,33.570,29.79
6361,79.717318,16.191,61.76
6362,79.750460,33.142,30.17
6363,79.767440,16.980,58.89
6364,79.800827,33.387,29.95
6365,79.817144,16.317,61.29
6366,79.850644,33.500,29.85
6367,79.866834,16.191,61.76
6368,79.900438,33.604,29.76
6369,79.916717,16.279,61.43
6370,79.949818,33.101,30.21
6371,79.966044,16.226,61.63
6372,79.999675,33.631,29.73
6373,80.016686,17.011,58.79
6374,80.049921,33.235,30.09
6375,80.066259,16.337,61.21
6376,80.099622,33.363,29.97
6377,80.116644,17.023,58.75
6378,80.149571,32.927,30.37
6379,80.165979,16.408,60.95
6380,80.198869,32.891,30.40
6381,80.215331,16.462,60.75
6382,80.249259,33.927,29.47
6383,80.265885,16.627,60.14
6384,80.299348,33.463,29.88
6385,80.315742,16.394,61.00
6386,80.348882,33.141,30.17
6387,80.365300,16.418,60.91
6388,80.398479,33.179,30.14
6389,80.415155,16.676,59.97
6390,80.448428,33.273,30.05
6391,80.464855,16.427,60.88
6392,80.498217,33.362,29.97
6393,80.514801,16.585,60.30
6394,80.548099,33.298,30.03
6395,80.564723,16.624,60.15
6396,80.597912,33.189,30.13
6397,80.614410,16.498,60.61
6398,80.647778,33.368,29.97
6399,80.664950,17.172,58.23
6400,80.698445,33.495,29.85
6401,80.714913,16.467,60.73
6402,80.748668,33.755,29.63
6403,80.765175,16.507,60.58
6404,80.798413,33.238,30.09
6405,80.815255,16.842,59.38
6406,80.849085,33.830,29.56
6407,80.865412,16.327,61.25
6408,80.898537,33.125,30.19
6409,80.915354,16.817,59.46
6410,80.948598,33.244,30.08
6411,80.965385,16.787,59.57
6412,80.998955,33.570,29.79
6413,81.015951,16.996,58.84
6414,81.048850,32.900,30.40
6415,81.065431,16.581,60.31
6416,81.098848,33.417,29.93
6417,81.114819,15.972,62.61
6418,81.148208,33.388,29.95
6419,81.164940,16.732,59.77
6420,81.198348,33.408,29.93
6421,81.215023,16.675,59.97
6422,81.248029,33.006,30.30
6423,81.264476,16.447,60.80
6424,81.297943,33.468,29.88
6425,81.314737,16.794,59.55
6426,81.348245,33.509,29.84
6427,81.364121,15.876,62.99
6428,81.397688,33.567,29.79
6429,81.414694,17.006,58.80
6430,81.448072,33.378,29.96
6431,81.464682,16.610,60.20
6432,81.497959,33.277,30.05
6433,81.514343,16.383,61.04
6434,81.547787,33.445,29.90
6435,81.564446,16.659,60.03
6436,81.598053,33.607,29.76
6437,81.614905,16.852,59.34
6438,81.648264,33.359,29.98
6439,81.665075,16.811,59.48
6440,81.698186,33.111,30.20
6441,81.714611,16.425,60.88
6442,81.748055,33.444,29.90
6443,81.764683,16.628,60.14
6444,81.797755,33.072,30.24
6445,81.814698,16.943,59.02
6446,81.847585,32.887,30.41
6447,81.864475,16.890,59.21
6448,81.898124,33.648,29.72
6449,81.914951,16.827,59.43
6450,81.948548,33.597,29.76
6451,81.965108,16.560,60.39
6452,81.998324,33.216,30.11
6453,82.014722,16.398,60.98
6454,82.047930,33.208,30.11
6455,82.064075,16.145,61.94
6456,82.097370,33.294,30.04
6457,82.114052,16.682,59.94
6458,82.147468,33.416,29.93
6459,82.163933,16.465,60.74
6460,82.197812,33.879,29.52
6461,82.214475,16.663,60.01
6462,82.248268,33.793,29.59
6463,82.265520,17.253,57.96
6464,82.299185,33.664,29.71
6465,82.315704,16.520,60.53
6466,82.349038,33.333,30.00
6467,82.365851,16.813,59.48
6468,82.398806,32.956,30.34
6469,82.415574,16.768,59.64
6470,82.449187,33.613,29.75
6471,82.466090,16.903,59.16
6472,82.499343,33.253,30.07
6473,82.516087,16.744,59.72
6474,82.549183,33.096,30.21
6475,82.566035,16.851,59.34
6476,82.599655,33.620,29.74
6477,82.616193,16.538,60.47
6478,82.649429,33.236,30.09
6479,82.666268,16.839,59.39
6480,82.699380,33.112,30.20
6481,82.715896,16.517,60.55
6482,82.748902,33.006,30.30
6483,82.765434,16.531,60.49
6484,82.798713,33.279,30.05
6485,82.815657,16.944,59.02
6486,82.849107,33.450,29.90
6487,82.865750,16.643,60.08
6488,82.899439,33.689,29.68
6489,82.916274,16.835,59.40
6490,82.949605,33.331,30.00
6491,82.966440,16.835,59.40
6492,82.999562,33.122,30.19
6493,83.016234,16.672,59.98
6494,83.049437,33.203,30.12
6495,83.066488,17.051,58.65
6496,83.099742,33.254,30.07
6497,83.116317,16.575,60.33
6498,83.149777,33.460,29.89
6499,83.166272,16.495,60.63
6500,83.199681,33.409,29.93
6501,83.216589,16.908,59.14
6502,83.249920,33.332,30.00
6503,83.266461,16.541,60.46
6504,83.299328,32.867,30.43
6505,83.316276,16.948,59.00
6506,83.349596,33.320,30.01
6507,83.366436,16.840,59.38
6508,83.399246,32.810,30.48
6509,83.416056,16.810,59.49
6510,83.449365,33.309,30.02
6511,83.465901,16.536,60.47
6512,83.499171,33.270,30.06
6513,83.516085,16.914,59.12
6514,83.549008,32.922,30.37
6515,83.565662,16.655,60.04
6516,83.599112,33.450,29.90
6517,83.615752,16.639,60.10
6518,83.649247,33.495,29.86
6519,83.666301,17.054,58.64
6520,83.699890,33.589,29.77
6521,83.716340,16.451,60.79
6522,83.749924,33.583,29.78
6523,83.766454,16.530,60.50
6524,83.799856,33.403,29.94
6525,83.816617,16.761,59.66
6526,83.850605,33.988,29.42
6527,83.867513,16.908,59.14
6528,83.900606,33.093,30.22
6529,83.917115,16.509,60.57
6530,83.950486,33.371,29.97
6531,83.967180,16.694,59.90
6532,84.000536,33.356,29.98
6533,84.016941,16.405,60.96
6534,84.050308,33.366,29.97
6535,84.067042,16.735,59.76
6536,84.100618,33.575,29.78
6537,84.117252,16.635,60.12
6538,84.151226,33.974,29.43
6539,84.167260,16.033,62.37
6540,84.200531,33.271,30.06
6541,84.217226,16.695,59.90
6542,84.250050,32.824,30.47
6543,84.266722,16.672,59.98
6544,84.300137,33.416,29.93
6545,84.317214,17.077,58.56
6546,84.350386,33.172,30.15
6547,84.366781,16.395,60.99
6548,84.399993,33.212,30.11
6549,84.416591,16.598,60.25
6550,84.450435,33.843,29.55
6551,84.467478,17.043,58.67
6552,84.500458,32.980,30.32
6553,84.516891,16.434,60.85
6554,84.550459,33.567,29.79
6555,84.567504,17.046,58.67
6556,84.600559,33.055,30.25
6557,84.617527,16.968,58.94
6558,84.651283,33.756,29.62
6559,84.667962,16.679,59.96
6560,84.701459,33.497,29.85
6561,84.718143,16.684,59.94
6562,84.751161,33.018,30.29
6563,84.767891,16.730,59.77
6564,84.800882,32.991,30.31
6565,84.817624,16.742,59.73
6566,84.851239,33.615,29.75
6567,84.867994,16.756,59.68
6568,84.901273,33.279,30.05
6569,84.918188,16.915,59.12
6570,84.951006,32.818,30.47
6571,84.967819,16.813,59.48
6572,85.001285,33.466,29.88
6573,85.018172,16.887,59.22
6574,85.050966,32.794,30.49
6575,85.067138,16.173,61.83
6576,85.100815,33.676,29.69
6577,85.117904,17.089,58.52
6578,85.151516,33.612,29.75
6579,85.168513,16.997,58.83
6580,85.201817,33.304,30.03
6581,85.218258,16.441,60.82
6582,85.251431,33.172,30.15
6583,85.268380,16.949,59.00
6584,85.301865,33.485,29.86
6585,85.319078,17.213,58.10
6586,85.352686,33.608,29.75
6587,85.369743,17.057,58.63
6588,85.403323,33.579,29.78
6589,85.420139,16.816,59.47
6590,85.453160,33.021,30.28
6591,85.470189,17.029,58.72
6592,85.503297,33.108,30.20
6593,85.519767,16.470,60.72
6594,85.552771,33.004,30.30
6595,85.569068,16.297,61.36
6596,85.602807,33.739,29.64
6597,85.619704,16.897,59.18
6598,85.653416,33.712,29.66
6599,85.670753,17.338,57.68
6600,85.704178,33.425,29.92
6601,85.720495,16.317,61.29
6602,85.753710,33.214,30.11
6603,85.770481,16.772,59.62
6604,85.803285,32.804,30.48
6605,85.820376,17.091,58.51
6606,85.853767,33.390,29.95
6607,85.870669,16.902,59.16
6608,85.903640,32.971,30.33
6609,85.920317,16.677,59.96
6610,85.953787,33.470,29.88
6611,85.970146,16.360,61.13
6612,86.003822,33.676,29.70
6613,86.019970,16.148,61.93
6614,86.053782,33.812,29.58
6615,86.070729,16.947,59.01
6616,86.103922,33.192,30.13
6617,86.120393,16.472,60.71
6618,86.153863,33.470,29.88
6619,86.170521,16.658,60.03
6620,86.203875,33.353,29.98
6621,86.220633,16.758,59.67
6622,86.254809,34.176,29.26
6623,86.271148,16.339,61.21
6624,86.304472,33.325,30.01
6625,86.321265,16.793,59.55
6626,86.354434,33.169,30.15
6627,86.370800,16.366,61.10
6628,86.404593,33.793,29.59
6629,86.421366,16.774,59.62
6630,86.454138,32.772,30.51
6631,86.471513,17.376,57.55
6632,86.505164,33.650,29.72
6633,86.521869,16.706,59.86
6634,86.555300,33.431,29.91
6635,86.572145,16.845,59.36
6636,86.605210,33.065,30.24
6637,86.621569,16.359,61.13
6638,86.654707,33.139,30.18
6639,86.671081,16.374,61.07
6640,86.704202,33.120,30.19
6641,86.721044,16.842,59.37
6642,86.754262,33.218,30.10
6643,86.771638,17.377,57.55
6644,86.805143,33.505,29.85
6645,86.822163,17.020,58.76
6646,86.855663,33.499,29.85
6647,86.872689,17.027,58.73
6648,86.906312,33.622,29.74
6649,86.922980,16.668,59.99
6650,86.956127,33.147,30.17
6651,86.972593,16.466,60.73
6652,87.005548,32.954,30.35
6653,87.022553,17.006,58.80
6654,87.055642,33.089,30.22
6655,87.072158,16.517,60.54
6656,87.105683,33.524,29.83
6657,87.122324,16.641,60.09
6658,87.155413,33.090,30.22
6659,87.172194,16.781,59.59
6660,87.206212,34.018,29.40
6661,87.222357,16.145,61.94
6662,87.255570,33.213,30.11
6663,87.272737,17.167,58.25
6664,87.306200,33.463,29.88
6665,87.322299,16.099,62.11
6666,87.355952,33.653,29.72
6667,87.372534,16.582,60.31
6668,87.406255,33.722,29.65
6669,87.423009,16.754,59.69
6670,87.456217,33.207,30.11
6671,87.472764,16.547,60.43
6672,87.506065,33.301,30.03
6673,87.522252,16.187,61.78
6674,87.554916,32.664,30.62
6675,87.571704,16.789,59.56
6676,87.605303,33.599,29.76
6677,87.621569,16.265,61.48
6678,87.655101,33.532,29.82
6679,87.671771,16.670,59.99
6680,87.705672,33.901,29.50
6681,87.723024,17.352,57.63
6682,87.756756,33.733,29.64
6683,87.773760,17.004,58.81
6684,87.807272,33.511,29.84
6685,87.824267,16.995,58.84
6686,87.857847,33.580,29.78
6687,87.874394,16.547,60.43
6688,87.907575,33.181,30.14
6689,87.924284,16.709,59.85
6690,87.957716,33.432,29.91
6691,87.974652,16.936,59.05
6692,88.007675,33.024,30.28
6693,88.023995,16.320,61.27
6694,88.056930,32.934,30.36
6695,88.073842,16.912,59.13
6696,88.106967,33.125,30.19
6697,88.123578,16.611,60.20
6698,88.156609,33.031,30.27
6699,88.174437,17.827,56.09
6700,88.208020,33.583,29.78
6701,88.224471,16.451,60.79
6702,88.257847,33.376,29.96
6703,88.274109,16.262,61.49
6704,88.307253,33.145,30.17
6705,88.324342,17.089,58.52
6706,88.357180,32.838,30.45
6707,88.374046,16.866,59.29
6708,88.407191,33.145,30.17
6709,88.423920,16.729,59.78
6710,88.457051,33.131,30.18
6711,88.473684,16.633,60.12
6712,88.506570,32.886,30.41
6713,88.523280,16.710,59.84
6714,88.556396,33.116,30.20
6715,88.573016,16.620,60.17
6716,88.605925,32.908,30.39
6717,88.622339,16.415,60.92
6718,88.655441,33.101,30.21
6719,88.672112,16.671,59.98
6720,88.705930,33.818,29.57
6721,88.722505,16.575,60.33
6722,88.755921,33.416,29.93
6723,88.772635,16.714,59.83
6724,88.805954,33.319,30.01
6725,88.822675,16.721,59.81
6726,88.856057,33.382,29.96
6727,88.872612,16.554,60.41
6728,88.906124,33.513,29.84
6729,88.923012,16.887,59.22
6730,88.956267,33.255,30.07
6731,88.972483,16.216,61.67
6732,89.005778,33.295,30.03
6733,89.022897,17.119,58.41
6734,89.056216,33.319,30.01
6735,89.072837,16.622,60.16
6736,89.106681,33.844,29.55
6737,89.123126,16.445,60.81
6738,89.156600,33.474,29.87
6739,89.173626,17.026,58.73
6740,89.207098,33.471,29.88
6741,89.223286,16.188,61.77
6742,89.256623,33.337,30.00
6743,89.273513,16.890,59.21
6744,89.307053,33.540,29.82
6745,89.323834,16.781,59.59
6746,89.357519,33.685,29.69
6747,89.374358,16.839,59.39
6748,89.407662,33.305,30.03
6749,89.423915,16.253,61.53
6750,89.457010,33.095,30.22
6751,89.473798,16.788,59.57
6752,89.507512,33.714,29.66
6753,89.524000,16.488,60.65
6754,89.557307,33.307,30.02
6755,89.574445,17.139,58.35
6756,89.608183,33.738,29.64
6757,89.624415,16.232,61.61
6758,89.657533,33.118,30.20
6759,89.673326,15.792,63.32
6760,89.706965,33.639,29.73
6761,89.723417,16.452,60.78
6762,89.756830,33.413,29.93
6763,89.773668,16.838,59.39
6764,89.807394,33.726,29.65
6765,89.824199,16.805,59.51
6766,89.857218,33.019,30.29
6767,89.874238,17.020,58.75
6768,89.907223,32.985,30.32
6769,89.923618,16.395,61.00
6770,89.956628,33.010,30.29
6771,89.973640,17.012,58.78
6772,90.007375,33.735,29.64
6773,90.023822,16.446,60.80
6774,90.057300,33.479,29.87
6775,90.073415,16.115,62.05
6776,90.106843,33.427,29.92
6777,90.123720,16.878,59.25
6778,90.157114,33.393,29.95
6779,90.173469,16.356,61.14
6780,90.206919,33.449,29.90
6781,90.223753,16.834,59.40
6782,90.256982,33.229,30.09
6783,90.273640,16.658,60.03
6784,90.307034,33.394,29.95
6785,90.323179,16.145,61.94
6786,90.356676,33.497,29.85
6787,90.373746,17.070,58.58
6788,90.407413,33.667,29.70
6789,90.423680,16.267,61.47
6790,90.456513,32.833,30.46
6791,90.473398,16.885,59.22
6792,90.506588,33.189,30.13
6793,90.523093,16.505,60.59
6794,90.556711,33.619,29.75
6795,90.572856,16.144,61.94
6796,90.605942,33.086,30.22
6797,90.622968,17.027,58.73
6798,90.656743,33.774,29.61
6799,90.673289,16.547,60.43
6800,90.707094,33.805,29.58
6801,90.723519,16.425,60.88
6802,90.756587,33.068,30.24
6803,90.773299,16.712,59.84
6804,90.806892,33.593,29.77
6805,90.823690,16.799,59.53
6806,90.857314,33.624,29.74
6807,90.873987,16.672,59.98
6808,90.907849,33.862,29.53
6809,90.924874,17.025,58.74
6810,90.958216,33.342,29.99
6811,90.975217,17.002,58.82
6812,91.008004,32.787,30.50
6813,91.024842,16.838,59.39
6814,91.058093,33.251,30.07
6815,91.074894,16.801,59.52
6816,91.108594,33.701,29.67
6817,91.125350,16.755,59.68
6818,91.158665,33.315,30.02
6819,91.175543,16.878,59.25
6820,91.207986,32.443,30.82
6821,91.224817,16.831,59.42
6822,91.258345,33.529,29.83
6823,91.274759,16.414,60.92
6824,91.308156,33.397,29.94
6825,91.324895,16.739,59.74
6826,91.357868,32.972,30.33
6827,91.374621,16.754,59.69
6828,91.407981,33.360,29.98
6829,91.424528,16.547,60.43
6830,91.458168,33.641,29.73
6831,91.475243,17.075,58.57
6832,91.508700,33.457,29.89
6833,91.524955,16.255,61.52
6834,91.558543,33.588,29.77
6835,91.575323,16.781,59.59
6836,91.609015,33.692,29.68
6837,91.625868,16.853,59.34
6838,91.659212,33.344,29.99
6839,91.676286,17.074,58.57
6840,91.709210,32.925,30.37
6841,91.726220,17.009,58.79
6842,91.759011,32.791,30.50
6843,91.775729,16.718,59.81
6844,91.808986,33.257,30.07
6845,91.825811,16.824,59.44
6846,91.859238,33.427,29.92
6847,91.875879,16.641,60.09
6848,91.909270,33.392,29.95
6849,91.925781,16.511,60.56
6850,91.958558,32.776,30.51
6851,91.975328,16.770,59.63
6852,92.008171,32.843,30.45
6853,92.024630,16.459,60.76
6854,92.058113,33.483,29.87
6855,92.074354,16.240,61.58
6856,92.107407,33.053,30.25
6857,92.124206,16.799,59.53
6858,92.157314,33.108,30.20
6859,92.174140,16.826,59.43
6860,92.207651,33.510,29.84
6861,92.224029,16.379,61.06
6862,92.257343,33.314,30.02
6863,92.274413,17.070,58.58
6864,92.307689,33.276,30.05
6865,92.324216,16.527,60.51
6866,92.357469,33.253,30.07
6867,92.374108,16.638,60.10
6868,92.407430,33.323,30.01
6869,92.423871,16.441,60.82
6870,92.457654,33.783,29.60
6871,92.474612,16.959,58.97
6872,92.508073,33.461,29.89
6873,92.524293,16.220,61.65
6874,92.557351,33.057,30.25
6875,92.574721,17.370,57.57
6876,92.607975,33.254,30.07
6877,92.624565,16.589,60.28
6878,92.658300,33.736,29.64
6879,92.674820,16.520,60.53
6880,92.707969,33.149,30.17
6881,92.724561,16.592,60.27
6882,92.758002,33.441,29.90
6883,92.774450,16.448,60.80
6884,92.807596,33.146,30.17
6885,92.824363,16.767,59.64
6886,92.857933,33.570,29.79
6887,92.874647,16.713,59.83
6888,92.907697,33.050,30.26
6889,92.924829,17.133,58.37
6890,92.958129,33.300,30.03
6891,92.974418,16.288,61.39
6892,93.007918,33.500,29.85
6893,93.024888,16.971,58.92
6894,93.058448,33.560,29.80
6895,93.074710,16.262,61.49
6896,93.108355,33.645,29.72
6897,93.124986,16.630,60.13
6898,93.157988,33.002,30.30
6899,93.174830,16.843,59.37
6900,93.208066,33.236,30.09
6901,93.224762,16.696,59.90
6902,93.258015,33.253,30.07
6903,93.274890,16.875,59.26
6904,93.308412,33.523,29.83
6905,93.324750,16.337,61.21
6906,93.358235,33.486,29.86
6907,93.375437,17.202,58.13
6908,93.409358,33.921,29.48
6909,93.426080,16.721,59.80
6910,93.459849,33.769,29.61
6911,93.476510,16.661,60.02
6912,93.509798,33.288,30.04
6913,93.526786,16.988,58.86
6914,93.559951,33.165,30.15
6915,93.576498,16.548,60.43
6916,93.609710,33.211,30.11
6917,93.626283,16.573,60.34
6918,93.660025,33.742,29.64
6919,93.676631,16.606,60.22
6920,93.709654,33.023,30.28
6921,93.726334,16.680,59.95
6922,93.759910,33.577,29.78
6923,93.776814,16.904,59.16
6924,93.811038,34.223,29.22
6925,93.827811,16.774,59.62
6926,93.861032,33.221,30.10
6927,93.877393,16.361,61.12
6928,93.910581,33.188,30.13
6929,93.927123,16.541,60.45
6930,93.960599,33.476,29.87
6931,93.977598,16.999,58.83
6932,94.011235,33.637,29.73
6933,94.027804,16.568,60.36
6934,94.061529,33.726,29.65
6935,94.078300,16.771,59.63
6936,94.111457,33.157,30.16
6937,94.128188,16.731,59.77
6938,94.161303,33.115,30.20
6939,94.178147,16.843,59.37
6940,94.211419,33.273,30.05
6941,94.227985,16.566,60.36
6942,94.261258,33.272,30.06
6943,94.277764,16.507,60.58
6944,94.311121,33.357,29.98
6945,94.327982,16.861,59.31
6946,94.361289,33.307,30.02
6947,94.378260,16.971,58.93
6948,94.411355,33.095,30.22
6949,94.427891,16.536,60.47
6950,94.461188,33.298,30.03
6951,94.477074,15.886,62.95
6952,94.510929,33.855,29.54
6953,94.527657,16.728,59.78
6954,94.560687,33.029,30.28
6955,94.577147,16.460,60.75
6956,94.610696,33.549,29.81
6957,94.627175,16.479,60.68
6958,94.660636,33.461,29.89
6959,94.677550,16.914,59.12
6960,94.710472,32.922,30.38
6961,94.726856,16.384,61.04
6962,94.760421,33.566,29.79
6963,94.777162,16.741,59.74
6964,94.810519,33.357,29.98
6965,94.827427,16.908,59.15
6966,94.860827,33.400,29.94
6967,94.878112,17.286,57.85
6968,94.911492,33.380,29.96
6969,94.927651,16.159,61.88
6970,94.961208,33.557,29.80
6971,94.977831,16.623,60.16
6972,95.011450,33.619,29.74
6973,95.028311,16.860,59.31
6974,95.061515,33.204,30.12
6975,95.078803,17.289,57.84
6976,95.112038,33.235,30.09
6977,95.128878,16.839,59.38
6978,95.162195,33.317,30.01
6979,95.179064,16.869,59.28
6980,95.212460,33.396,29.94
6981,95.229084,16.624,60.16
6982,95.263052,33.968,29.44
6983,95.279719,16.667,60.00
6984,95.313387,33.667,29.70
6985,95.330983,17.597,56.83
6986,95.363838,32.854,30.44
6987,95.380378,16.540,60.46
6988,95.413724,33.346,29.99
6989,95.430427,16.703,59.87
6990,95.463745,33.318,30.01
6991,95.480109,16.364,61.11
6992,95.513251,33.142,30.17
6993,95.529939,16.688,59.92
6994,95.563032,33.093,30.22
6995,95.580219,17.187,58.18
6996,95.614077,33.858,29.54
6997,95.631311,17.234,58.03
6998,95.664655,33.344,29.99
6999,95.681196,16.541,60.46
7000,95.714557,33.362,29.97
7001,95.730518,15.960,62.66
7002,95.763849,33.331,30.00
7003,95.781026,17.177,58.22
7004,95.814290,33.264,30.06
7005,95.831347,17.056,58.63
7006,95.864912,33.565,29.79
7007,95.881092,16.180,61.81
7008,95.914225,33.134,30.18
7009,95.930295,16.070,62.23
7010,95.963559,33.264,30.06
7011,95.979935,16.376,61.07
7012,96.013269,33.334,30.00
7013,96.029176,15.907,62.87
7014,96.062227,33.050,30.26
7015,96.078288,16.061,62.26
7016,96.111815,33.527,29.83
7017,96.128633,16.818,59.46
7018,96.161758,33.126,30.19
7019,96.178565,16.806,59.50
7020,96.211983,33.419,29.92
7021,96.228428,16.445,60.81
7022,96.261706,33.278,30.05
7023,96.278343,16.637,60.11
7024,96.311836,33.494,29.86
7025,96.328928,17.092,58.51
7026,96.362164,33.237,30.09
7027,96.378738,16.574,60.34
7028,96.412100,33.362,29.97
7029,96.428659,16.559,60.39
7030,96.461645,32.987,30.32
7031,96.478395,16.749,59.70
7032,96.511788,33.394,29.95
7033,96.528859,17.070,58.58
7034,96.561831,32.972,30.33
7035,96.578730,16.899,59.17
7036,96.611486,32.756,30.53
7037,96.627844,16.358,61.13
7038,96.661235,33.391,29.95
7039,96.678155,16.920,59.10
7040,96.711683,33.527,29.83
7041,96.727810,16.127,62.01
7042,96.761232,33.422,29.92
7043,96.778227,16.995,58.84
7044,96.811858,33.630,29.74
7045,96.828898,17.040,58.68
7046,96.862630,33.732,29.65
7047,96.879573,16.943,59.02
7048,96.912457,32.883,30.41
7049,96.929384,16.928,59.07
7050,96.962275,32.891,30.40
7051,96.979365,17.090,58.51
7052,97.012961,33.596,29.77
7053,97.029635,16.674,59.97
7054,97.062658,33.023,30.28
7055,97.078926,16.268,61.47
7056,97.112127,33.201,30.12
7057,97.129245,17.118,58.42
7058,97.162378,33.134,30.18
7059,97.179240,16.861,59.31
7060,97.212326,33.086,30.22
7061,97.229335,17.010,58.79
7062,97.263347,34.012,29.40
7063,97.280239,16.893,59.20
7064,97.313793,33.554,29.80
7065,97.330600,16.807,59.50
7066,97.363909,33.309,30.02
7067,97.380370,16.461,60.75
7068,97.413599,33.228,30.09
7069,97.430596,16.997,58.83
7070,97.463645,33.049,30.26
7071,97.480719,17.074,58.57
7072,97.514154,33.435,29.91
7073,97.530836,16.683,59.94
7074,97.564022,33.186,30.13
7075,97.581158,17.136,58.36
7076,97.614297,33.139,30.18
7077,97.631284,16.987,58.87
7078,97.664753,33.469,29.88
7079,97.681150,16.397,60.99
7080,97.714275,33.125,30.19
7081,97.731600,17.325,57.72
7082,97.764812,33.211,30.11
7083,97.781133,16.322,61.27
7084,97.814797,33.663,29.71
7085,97.831082,16.286,61.40
7086,97.864117,33.035,30.27
7087,97.880812,16.695,59.90
7088,97.913949,33.136,30.18
7089,97.930677,16.729,59.78
7090,97.963724,33.047,30.26
7091,97.980485,16.761,59.66
7092,98.013860,33.375,29.96
7093,98.030812,16.953,58.99
7094,98.064516,33.703,29.67
7095,98.081180,16.664,60.01
7096,98.114545,33.365,29.97
7097,98.131053,16.507,60.58
7098,98.164250,33.197,30.12
7099,98.180968,16.718,59.82
7100,98.214357,33.389,29.95
7101,98.231157,16.801,59.52
7102,98.264477,33.320,30.01
7103,98.281611,17.134,58.36
7104,98.315053,33.441,29.90
7105,98.331581,16.528,60.50
7106,98.365305,33.724,29.65
7107,98.382140,16.836,59.40
7108,98.415284,33.143,30.17
7109,98.432296,17.012,58.78
7110,98.465765,33.469,29.88
7111,98.482328,16.563,60.37
7112,98.515990,33.661,29.71
7113,98.532719,16.729,59.78
7114,98.565773,33.055,30.25
7115,98.582089,16.316,61.29
7116,98.615129,33.041,30.27
7117,98.631389,16.259,61.50
7118,98.665390,34.002,29.41
7119,98.682133,16.743,59.73
7120,98.715080,32.947,30.35
7121,98.732102,17.022,58.75
7122,98.765350,33.248,30.08
7123,98.781920,16.570,60.35
7124,98.814915,32.995,30.31
7125,98.831482,16.567,60.36
7126,98.864529,33.047,30.26
7127,98.881097,16.569,60.36
7128,98.914432,33.335,30.00
7129,98.930721,16.289,61.39
7130,98.963746,33.025,30.28
7131,98.980014,16.267,61.47
7132,99.013689,33.675,29.70
7133,99.030604,16.915,59.12
7134,99.064588,33.984,29.43
7135,99.081312,16.724,59.79
7136,99.114049,32.737,30.55
7137,99.130825,16.776,59.61
7138,99.164240,33.415,29.93
7139,99.181128,16.888,59.21
7140,99.214684,33.556,29.80
7141,99.231694,17.010,58.79
7142,99.264885,33.192,30.13
7143,99.281358,16.473,60.71
7144,99.314707,33.348,29.99
7145,99.331155,16.448,60.80
7146,99.365171,34.016,29.40
7147,99.381749,16.578,60.32
7148,99.415046,33.297,30.03
7149,99.431389,16.343,61.19
7150,99.464354,32.965,30.34
7151,99.481918,17.565,56.93
7152,99.515007,33.089,30.22
7153,99.531816,16.809,59.49
7154,99.565009,33.193,30.13
7155,99.582025,17.016,58.77
7156,99.615361,33.336,30.00
7157,99.631881,16.520,60.53
7158,99.665577,33.696,29.68
7159,99.682839,17.262,57.93
7160,99.715466,32.627,30.65
7161,99.732356,16.890,59.21
7162,99.766038,33.682,29.69
7163,99.782587,16.549,60.43
7164,99.815863,33.276,30.05
7165,99.832196,16.334,61.22
7166,99.865112,32.916,30.38
7167,99.881632,16.520,60.53
7168,99.915277,33.645,29.72
7169,99.932122,16.845,59.37
7170,99.965351,33.229,30.09
7171,99.981274,15.923,62.80
7172,100.014533,33.259,30.07
7173,100.031145,16.612,60.20
7174,100.064902,33.756,29.62
7175,100.081470,16.568,60.36
7176,100.114715,33.245,30.08
7177,100.131859,17.144,58.33
7178,100.165681,33.822,29.57
7179,100.182601,16.920,59.10
7180,100.215791,33.190,30.13
7181,100.232196,16.405,60.96
7182,100.265786,33.590,29.77
7183,100.282395,16.609,60.21
7184,100.316279,33.883,29.51
7185,100.333100,16.821,59.45
7186,100.365958,32.858,30.43
7187,100.382883,16.926,59.08
7188,100.416541,33.658,29.71
7189,100.433747,17.207,58.12
7190,100.466777,33.029,30.28
7191,100.483686,16.909,59.14
7192,100.517148,33.462,29.88
7193,100.533878,16.730,59.77
7194,100.567369,33.491,29.86
7195,100.584051,16.682,59.94
7196,100.617493,33.442,29.90
7197,100.634530,17.037,58.70
7198,100.667609,33.079,30.23
7199,100.683858,16.249,61.54
7200,100.717766,33.908,29.49
7201,100.734211,16.444,60.81
7202,100.767627,33.416,29.93
7203,100.783826,16.200,61.73
7204,100.817643,33.817,29.57
7205,100.834299,16.656,60.04
7206,100.868175,33.876,29.52
7207,100.884201,16.025,62.40
7208,100.917291,33.090,30.22
7209,100.933852,16.560,60.38
7210,100.967177,33.325,30.01
7211,100.984229,17.052,58.64
7212,101.017585,33.357,29.98
7213,101.033873,16.288,61.40
7214,101.067377,33.504,29.85
7215,101.084207,16.830,59.42
7216,101.117583,33.376,29.96
7217,101.134415,16.833,59.41
7218,101.167505,33.090,30.22
7219,101.184073,16.567,60.36
7220,101.217289,33.216,30.11
7221,101.234320,17.031,58.72
7222,101.267688,33.368,29.97
7223,101.284053,16.365,61.10
7224,101.317321,33.268,30.06
7225,101.334616,17.295,57.82
7226,101.367983,33.367,29.97
7227,101.384257,16.274,61.45
7228,101.417686,33.429,29.91
7229,101.434463,16.777,59.60
7230,101.467279,32.816,30.47
7231,101.483698,16.419,60.91
7232,101.516720,33.022,30.28
7233,101.533229,16.509,60.57
7234,101.566677,33.448,29.90
7235,101.583275,16.598,60.25
7236,101.616500,33.226,30.10
7237,101.633577,17.077,58.56
7238,101.666813,33.235,30.09
7239,101.682976,16.163,61.87
7240,101.716169,33.193,30.13
7241,101.732807,16.638,60.10
7242,101.766306,33.499,29.85
7243,101.782796,16.490,60.64
7244,101.815641,32.845,30.45
7245,101.832324,16.683,59.94
7246,101.865491,33.167,30.15
7247,101.881538,16.048,62.31
7248,101.914877,33.338,30.00
7249,101.931550,16.673,59.98
7250,101.965147,33.597,29.76
7251,101.981579,16.432,60.86
7252,102.014679,33.099,30.21
7253,102.030996,16.318,61.28
7254,102.064694,33.698,29.68
7255,102.080683,15.989,62.54
7256,102.113693,33.010,30.29
7257,102.131197,17.504,57.13
7258,102.164883,33.687,29.69
7259,102.181819,16.935,59.05
7260,102.215370,33.551,29.80
7261,102.232281,16.911,59.13
7262,102.265357,33.076,30.23
7263,102.282658,17.301,57.80
7264,102.315749,33.092,30.22
7265,102.332496,16.747,59.71
7266,102.365545,33.049,30.26
7267,102.382493,16.948,59.00
7268,102.416374,33.881,29.51
7269,102.433421,17.047,58.66
7270,102.467283,33.861,29.53
7271,102.483991,16.709,59.85
7272,102.517536,33.545,29.81
7273,102.534079,16.543,60.45
7274,102.568342,34.263,29.19
7275,102.584614,16.272,61.46
7276,102.618136,33.521,29.83
7277,102.634716,16.581,60.31
7278,102.668002,33.285,30.04
7279,102.684639,16.637,60.11
7280,102.717439,32.801,30.49
7281,102.734062,16.622,60.16
7282,102.767856,33.795,29.59
7283,102.784506,16.650,60.06
7284,102.817749,33.243,30.08
7285,102.834256,16.507,60.58
7286,102.868218,33.961,29.45
7287,102.885117,16.899,59.17
7288,102.918930,33.814,29.57
7289,102.935388,16.458,60.76
7290,102.968846,33.458,29.89
7291,102.985186,16.339,61.20
7292,103.018694,33.508,29.84
7293,103.036102,17.408,57.44
7294,103.069554,33.452,29.89
7295,103.086414,16.860,59.31
7296,103.120084,33.670,29.70
7297,103.136658,16.574,60.34
7298,103.170279,33.621,29.74
7299,103.186780,16.501,60.60
7300,103.219764,32.984,30.32
7301,103.236629,16.865,59.30
7302,103.269674,33.045,30.26
7303,103.286289,16.615,60.19
7304,103.319570,33.281,30.05
7305,103.336396,16.826,59.43
7306,103.369700,33.305,30.03
7307,103.386322,16.621,60.16
7308,103.419842,33.521,29.83
7309,103.435940,16.097,62.12
7310,103.469300,33.360,29.98
7311,103.485328,16.028,62.39
7312,103.518258,32.930,30.37
7313,103.535037,16.778,59.60
7314,103.568142,33.105,30.21
7315,103.584836,16.694,59.90
7316,103.618352,33.516,29.84
7317,103.635410,17.058,58.62
7318,103.668489,33.078,30.23
7319,103.685223,16.734,59.76
7320,103.718563,33.340,29.99
7321,103.734836,16.273,61.45
7322,103.768202,33.366,29.97
7323,103.784525,16.323,61.26
7324,103.817625,33.100,30.21
7325,103.834131,16.506,60.58
7326,103.866731,32.600,30.67
7327,103.882750,16.019,62.43
7328,103.915872,33.122,30.19
7329,103.932500,16.628,60.14
7330,103.965853,33.353,29.98
7331,103.982600,16.747,59.71
7332,104.015791,33.191,30.13
7333,104.032636,16.845,59.36
7334,104.066055,33.418,29.92
7335,104.082732,16.678,59.96
7336,104.115608,32.875,30.42
7337,104.132024,16.416,60.92
7338,104.165549,33.525,29.83
7339,104.182904,17.355,57.62
7340,104.216396,33.492,29.86
7341,104.232598,16.202,61.72
7342,104.265925,33.327,30.01
7343,104.282340,16.415,60.92
7344,104.315470,33.130,30.18
7345,104.332576,17.106,58.46
7346,104.366157,33.581,29.78
7347,104.383152,16.996,58.84
7348,104.416144,32.992,30.31
7349,104.432837,16.693,59.91
7350,104.466239,33.402,29.94
7351,104.482972,16.733,59.76
7352,104.516300,33.328,30.01
7353,104.532818,16.518,60.54
7354,104.566046,33.228,30.09
7355,104.582808,16.762,59.66
7356,104.616300,33.491,29.86
7357,104.632869,16.569,60.35
7358,104.666284,33.415,29.93
7359,104.683013,16.729,59.78
7360,104.716362,33.349,29.99
7361,104.733116,16.754,59.69
7362,104.766171,33.055,30.25
7363,104.782974,16.803,59.51
7364,104.817285,34.311,29.15
7365,104.834418,17.132,58.37
7366,104.868178,33.761,29.62
7367,104.884558,16.380,61.05
7368,104.917975,33.417,29.93
7369,104.934388,16.413,60.93
7370,104.968198,33.810,29.58
7371,104.985413,17.215,58.09
7372,105.018549,33.136,30.18
7373,105.035430,16.881,59.24
7374,105.068254,32.825,30.46
7375,105.084743,16.489,60.65
7376,105.117469,32.726,30.56
7377,105.134054,16.585,60.29
7378,105.167776,33.722,29.65
7379,105.184888,17.112,58.44
7380,105.218014,33.126,30.19
7381,105.234651,16.637,60.11
7382,105.268214,33.563,29.80
7383,105.284854,16.640,60.10
7384,105.317627,32.772,30.51
7385,105.333969,16.343,61.19
7386,105.366978,33.009,30.30
7387,105.383824,16.846,59.36
7388,105.417358,33.534,29.82
7389,105.433817,16.458,60.76
7390,105.466834,33.017,30.29
7391,105.483340,16.506,60.58
7392,105.516575,33.235,30.09
7393,105.533455,16.880,59.24
7394,105.566546,33.091,30.22
7395,105.583274,16.728,59.78
7396,105.617293,34.019,29.40
7397,105.633922,16.629,60.14
7398,105.667561,33.639,29.73
7399,105.684580,17.019,58.76
7400,105.717820,33.240,30.08
7401,105.734717,16.897,59.18
7402,105.768533,33.816,29.57
7403,105.785003,16.471,60.71
7404,105.817877,32.873,30.42
7405,105.834351,16.475,60.70
7406,105.867477,33.126,30.19
7407,105.883950,16.473,60.71
7408,105.917271,33.321,30.01
7409,105.933526,16.255,61.52
7410,105.966772,33.246,30.08
7411,105.983703,16.930,59.07
7412,106.017052,33.350,29.99
7413,106.033827,16.775,59.61
7414,106.067501,33.674,29.70
7415,106.083824,16.323,61.26
7416,106.117478,33.654,29.71
7417,106.134071,16.593,60.27
7418,106.167417,33.347,29.99
7419,106.184734,17.316,57.75
7420,106.218241,33.508,29.84
7421,106.234435,16.193,61.75
7422,106.267461,33.026,30.28
7423,106.284296,16.836,59.40
7424,106.317544,33.248,30.08
7425,106.334459,16.915,59.12
7426,106.367668,33.210,30.11
7427,106.384606,16.938,59.04
7428,106.417522,32.916,30.38
7429,106.433746,16.224,61.64
7430,106.466929,33.183,30.14
7431,106.483570,16.641,60.09
7432,106.516594,33.025,30.28
7433,106.532674,16.080,62.19
7434,106.565782,33.109,30.20
7435,106.582938,17.155,58.29
7436,106.616646,33.709,29.67
7437,106.633307,16.661,60.02
7438,106.666783,33.476,29.87
7439,106.682783,16.000,62.50
7440,106.715816,33.033,30.27
7441,106.731814,15.998,62.51
7442,106.765286,33.472,29.88
7443,106.782275,16.989,58.86
7444,106.816111,33.835,29.55
7445,106.832957,16.846,59.36
7446,106.866013,33.056,30.25
7447,106.882826,16.813,59.48
7448,106.915587,32.761,30.52
7449,106.932257,16.669,59.99
7450,106.965792,33.535,29.82
7451,106.982826,17.034,58.71
7452,107.016252,33.426,29.92
7453,107.032676,16.424,60.89
7454,107.066176,33.501,29.85
7455,107.082810,16.633,60.12
7456,107.116136,33.326,30.01
7457,107.132957,16.821,59.45
7458,107.165896,32.939,30.36
7459,107.182881,16.986,58.87
7460,107.215948,33.067,30.24
7461,107.232265,16.317,61.28
7462,107.265632,33.367,29.97
7463,107.282769,17.136,58.36
7464,107.316126,33.357,29.98
7465,107.332715,16.589,60.28
7466,107.366523,33.808,29.58
7467,107.382932,16.409,60.94
7468,107.416312,33.379,29.96
7469,107.432961,16.649,60.06
7470,107.466487,33.527,29.83
7471,107.483240,16.753,59.69
7472,107.516871,33.631,29.73
7473,107.533450,16.579,60.32
7474,107.566866,33.416,29.93
7475,107.583551,16.686,59.93
7476,107.617554,34.002,29.41
7477,107.633839,16.286,61.40
7478,107.667627,33.788,29.60
7479,107.684429,16.802,59.52
7480,107.718638,34.208,29.23
7481,107.735087,16.449,60.79
7482,107.768325,33.239,30.09
7483,107.785219,16.894,59.19
7484,107.818699,33.479,29.87
7485,107.834458,15.759,63.46
7486,107.868119,33.662,29.71
7487,107.884994,16.875,59.26
7488,107.918398,33.404,29.94
7489,107.934921,16.524,60.52
7490,107.968215,33.293,30.04
7491,107.985241,17.027,58.73
7492,108.018720,33.478,29.87
7493,108.035641,16.921,59.10
7494,108.069055,33.414,29.93
7495,108.085932,16.877,59.25
7496,108.119452,33.521,29.83
7497,108.136174,16.722,59.80
7498,108.169658,33.484,29.86
7499,108.186410,16.752,59.69
7500,108.219762,33.352,29.98
7501,108.236374,16.611,60.20
7502,108.269658,33.285,30.04
7503,108.286542,16.883,59.23
7504,108.320390,33.848,29.54
7505,108.337223,16.833,59.41
7506,108.370297,33.075,30.23
7507,108.387202,16.905,59.15
7508,108.420066,32.864,30.43
7509,108.436584,16.517,60.54
7510,108.470686,34.103,29.32
7511,108.487934,17.248,57.98
7512,108.521144,33.210,30.11
7513,108.537884,16.740,59.74
7514,108.571293,33.409,29.93
7515,108.588063,16.770,59.63
7516,108.621092,33.029,30.28
7517,108.637695,16.602,60.23
7518,108.671131,33.436,29.91
7519,108.687636,16.505,60.59
7520,108.720721,33.085,30.23
7521,108.737236,16.515,60.55
7522,108.769858,32.621,30.65
7523,108.786974,17.116,58.42
7524,108.819909,32.935,30.36
7525,108.836328,16.419,60.90
7526,108.869487,33.159,30.16
7527,108.886359,16.871,59.27
7528,108.919482,33.123,30.19
7529,108.936792,17.310,57.77
7530,108.969682,32.890,30.40
7531,108.986780,17.098,58.49
7532,109.019915,33.135,30.18
7533,109.036636,16.721,59.80
7534,109.070096,33.459,29.89
7535,109.086481,16.386,61.03
7536,109.119771,33.290,30.04
7537,109.136685,16.913,59.13
7538,109.169870,33.185,30.13
7539,109.186966,17.096,58.49
7540,109.220982,34.016,29.40
7541,109.237542,16.559,60.39
7542,109.270505,32.964,30.34
7543,109.287320,16.815,59.47
7544,109.320295,32.974,30.33
7545,109.336794,16.499,60.61
7546,109.369915,33.121,30.19
7547,109.386579,16.663,60.01
7548,109.420123,33.545,29.81
7549,109.436797,16.673,59.98
7550,109.470199,33.402,29.94
7551,109.487286,17.087,58.52
7552,109.520724,33.439,29.91
7553,109.537523,16.799,59.53
7554,109.570827,33.305,30.03
7555,109.587724,16.897,59.18
7556,109.620992,33.268,30.06
7557,109.637632,16.640,60.10
7558,109.670324,32.691,30.59
7559,109.686487,16.163,61.87
7560,109.720052,33.565,29.79
7561,109.736339,16.288,61.40
7562,109.769443,33.104,30.21
7563,109.786143,16.699,59.88
7564,109.819040,32.897,30.40
7565,109.834833,15.794,63.32
7566,109.867995,33.162,30.15
7567,109.884938,16.943,59.02
7568,109.918443,33.505,29.85
7569,109.935439,16.995,58.84
7570,109.969007,33.568,29.79
7571,109.985860,16.853,59.34
7572,110.018962,33.102,30.21
7573,110.035411,16.449,60.79
7574,110.068598,33.186,30.13
7575,110.085753,17.155,58.29
7576,110.119096,33.343,29.99
7577,110.135426,16.330,61.24
7578,110.168709,33.284,30.04
7579,110.185436,16.726,59.79
7580,110.218519,33.083,30.23
7581,110.234704,16.186,61.78
7582,110.268443,33.739,29.64
7583,110.285235,16.791,59.55
7584,110.318622,33.388,29.95
7585,110.335676,17.054,58.64
7586,110.368621,32.945,30.35
7587,110.385500,16.879,59.25
7588,110.419074,33.574,29.78
7589,110.436171,17.097,58.49
7590,110.469090,32.919,30.38
7591,110.485740,16.650,60.06
7592,110.519373,33.632,29.73
7593,110.536191,16.819,59.46
7594,110.569293,33.101,30.21
7595,110.585609,16.316,61.29
7596,110.618847,33.238,30.09
7597,110.635586,16.739,59.74
7598,110.668885,33.299,30.03
7599,110.685636,16.751,59.70
7600,110.718623,32.987,30.32
7601,110.735176,16.553,60.41
7602,110.768960,33.784,29.60
7603,110.785505,16.545,60.44
7604,110.818729,33.224,30.10
7605,110.834883,16.154,61.90
7606,110.867876,32.993,30.31
7607,110.884560,16.684,59.94
7608,110.917005,32.445,30.82
7609,110.933687,16.682,59.94
7610,110.966706,33.019,30.29
7611,110.983583,16.877,59.25
7612,111.016718,33.135,30.18
7613,111.032954,16.236,61.59
7614,111.066018,33.064,30.24
7615,111.083272,17.255,57.96
7616,111.116318,33.046,30.26
7617,111.133197,16.879,59.24
7618,111.166001,32.804,30.48
7619,111.182546,16.545,60.44
7620,111.215648,33.102,30.21
7621,111.232474,16.826,59.43
7622,111.266043,33.569,29.79
7623,111.282445,16.402,60.97
7624,111.315817,33.372,29.97
7625,111.332667,16.849,59.35
7626,111.366394,33.727,29.65
7627,111.383093,16.699,59.88
7628,111.416806,33.713,29.66
7629,111.433893,17.087,58.52
7630,111.467203,33.310,30.02
7631,111.483629,16.426,60.88
7632,111.517378,33.749,29.63
7633,111.533679,16.301,61.35
7634,111.567159,33.480,29.87
7635,111.583522,16.362,61.12
7636,111.616911,33.390,29.95
7637,111.633802,16.891,59.20
7638,111.667346,33.543,29.81
7639,111.683401,16.055,62.29
7640,111.716777,33.376,29.96
7641,111.733658,16.881,59.24
7642,111.766560,32.902,30.39
7643,111.783605,17.045,58.67
7644,111.816862,33.257,30.07
7645,111.833885,17.023,58.74
7646,111.867317,33.432,29.91
7647,111.883354,16.037,62.35
7648,111.916874,33.520,29.83
7649,111.933594,16.720,59.81
7650,111.967243,33.649,29.72
7651,111.983941,16.697,59.89
7652,112.016955,33.015,30.29
7653,112.033895,16.940,59.03
7654,112.067199,33.304,30.03
7655,112.084075,16.876,59.25
7656,112.117437,33.362,29.97
7657,112.133829,16.391,61.01
7658,112.166820,32.991,30.31
7659,112.183831,17.011,58.78
7660,112.217242,33.411,29.93
7661,112.234070,16.828,59.42
7662,112.267640,33.570,29.79
7663,112.284657,17.018,58.76
7664,112.318153,33.496,29.85
7665,112.334952,16.798,59.53
7666,112.368625,33.673,29.70
7667,112.385184,16.559,60.39
7668,112.418728,33.544,29.81
7669,112.435686,16.958,58.97
7670,112.468977,33.291,30.04
7671,112.485565,16.588,60.29
7672,112.518718,33.153,30.16
7673,112.535419,16.700,59.88
7674,112.568762,33.344,29.99
7675,112.585719,16.957,58.97
7676,112.618738,33.020,30.29
7677,112.635439,16.700,59.88
7678,112.669279,33.840,29.55
7679,112.685013,15.735,63.55
7680,112.718643,33.630,29.74
7681,112.735345,16.701,59.88
7682,112.768929,33.585,29.78
7683,112.785124,16.195,61.75
7684,112.818647,33.523,29.83
7685,112.835369,16.722,59.80
7686,112.868286,32.917,30.38
7687,112.885517,17.231,58.03
7688,112.918959,33.442,29.90
7689,112.935433,16.474,60.70
7690,112.968553,33.120,30.19
7691,112.985424,16.871,59.27
7692,113.018813,33.390,29.95
7693,113.035960,17.147,58.32
7694,113.069153,33.193,30.13
7695,113.085134,15.981,62.57
7696,113.119041,33.907,29.49
7697,113.135872,16.830,59.42
7698,113.169094,33.222,30.10
7699,113.186314,17.220,58.07
7700,113.219056,32.742,30.54
7701,113.235896,16.839,59.38
7702,113.268920,33.024,30.28
7703,113.286203,17.283,57.86
7704,113.319673,33.469,29.88
7705,113.336088,16.415,60.92
7706,113.369659,33.571,29.79
7707,113.386792,17.133,58.37
7708,113.419788,32.996,30.31
7709,113.436247,16.460,60.75
7710,113.469578,33.330,30.00
7711,113.486775,17.198,58.15
7712,113.519891,33.116,30.20
7713,113.536493,16.601,60.24
7714,113.569655,33.163,30.15
7715,113.586357,16.702,59.87
7716,113.619401,33.044,30.26
7717,113.636031,16.630,60.13
7718,113.670051,34.020,29.39
7719,113.686853,16.801,59.52
7720,113.720115,33.262,30.06
7721,113.736442,16.327,61.25
7722,113.769954,33.512,29.84
7723,113.786362,16.408,60.95
7724,113.819728,33.366,29.97
7725,113.836751,17.023,58.75
7726,113.870565,33.814,29.57
7727,113.887046,16.482,60.67
7728,113.920655,33.608,29.75
7729,113.937150,16.495,60.62
7730,113.970625,33.475,29.87
7731,113.987316,16.691,59.91
7732,114.020623,33.308,30.02
7733,114.036890,16.267,61.48
7734,114.070388,33.498,29.85
7735,114.087349,16.961,58.96
7736,114.120911,33.562,29.80
7737,114.137435,16.524,60.52
7738,114.171519,34.084,29.34
7739,114.188045,16.526,60.51
7740,114.221332,33.287,30.04
7741,114.238214,16.882,59.24
7742,114.271850,33.637,29.73
7743,114.288345,16.495,60.63
7744,114.321629,33.284,30.04
7745,114.338246,16.617,60.18
7746,114.371244,32.999,30.30
7747,114.387829,16.585,60.30
7748,114.421102,33.272,30.06
7749,114.437353,16.252,61.53
7750,114.470402,33.049,30.26
7751,114.487270,16.868,59.28
7752,114.520455,33.185,30.13
7753,114.536517,16.062,62.26
7754,114.569423,32.906,30.39
7755,114.586088,16.665,60.01
7756,114.619082,32.994,30.31
7757,114.635816,16.734,59.76
7758,114.669127,33.312,30.02
7759,114.685804,16.677,59.96
7760,114.719124,33.320,30.01
7761,114.735802,16.677,59.96
7762,114.768773,32.972,30.33
7763,114.784630,15.857,63.06
7764,114.817903,33.273,30.05
7765,114.834503,16.600,60.24
7766,114.867757,33.254,30.07
7767,114.884781,17.024,58.74
7768,114.918120,33.339,30.00
7769,114.934570,16.450,60.79
7770,114.967869,33.299,30.03
7771,114.984375,16.506,60.58
7772,115.017972,33.597,29.76
7773,115.034258,16.286,61.40
7774,115.067586,33.328,30.00
7775,115.084254,16.668,59.99
7776,115.117232,32.978,30.32
7777,115.134023,16.792,59.55
7778,115.167360,33.337,30.00
7779,115.183739,16.378,61.06
7780,115.216812,33.074,30.24
7781,115.233839,17.026,58.73
7782,115.267233,33.394,29.95
7783,115.283814,16.581,60.31
7784,115.316914,33.100,30.21
7785,115.333859,16.946,59.01
7786,115.367466,33.606,29.76
7787,115.383906,16.441,60.83
7788,115.417045,33.139,30.18
7789,115.434082,17.036,58.70
7790,115.467522,33.440,29.90
7791,115.484063,16.541,60.45
7792,115.517659,33.596,29.77
7793,115.534576,16.917,59.11
7794,115.567562,32.986,30.32
7795,115.584580,17.018,58.76
7796,115.618293,33.714,29.66
7797,115.634957,16.664,60.01
7798,115.668037,33.080,30.23
7799,115.684288,16.250,61.54
7800,115.717939,33.651,29.72
7801,115.735305,17.366,57.58
7802,115.768291,32.986,30.32
7803,115.785186,16.895,59.19
7804,115.819045,33.858,29.53
7805,115.835373,16.328,61.24
7806,115.868808,33.435,29.91
7807,115.885086,16.278,61.43
7808,115.918470,33.383,29.96
7809,115.934975,16.506,60.58
7810,115.968649,33.674,29.70
7811,115.985821,17.172,58.23
7812,116.019030,33.210,30.11
7813,116.035420,16.390,61.01
7814,116.069467,34.046,29.37
7815,116.086055,16.588,60.28
7816,116.119102,33.046,30.26
7817,116.135516,16.414,60.92
7818,116.169082,33.566,29.79
7819,116.186030,16.948,59.00
7820,116.219113,33.083,30.23
7821,116.235706,16.593,60.27
7822,116.268923,33.217,30.10
7823,116.285875,16.952,58.99
7824,116.319135,33.260,30.07
7825,116.335692,16.557,60.40
7826,116.369553,33.861,29.53
7827,116.386457,16.904,59.16
7828,116.419495,33.038,30.27
7829,116.435725,16.230,61.61
7830,116.469043,33.317,30.01
7831,116.485352,16.309,61.31
7832,116.518698,33.346,29.99
7833,116.535239,16.541,60.46
7834,116.568461,33.221,30.10
7835,116.585065,16.604,60.23
7836,116.618702,33.637,29.73
7837,116.635122,16.421,60.90
7838,116.668200,33.077,30.23
7839,116.684599,16.399,60.98
7840,116.717891,33.292,30.04
7841,116.734723,16.832,59.41
7842,116.767933,33.210,30.11
7843,116.783976,16.043,62.33
7844,116.817409,33.433,29.91
7845,116.833531,16.121,62.03
7846,116.866931,33.400,29.94
7847,116.883192,16.262,61.49
7848,116.916274,33.082,30.23
7849,116.932618,16.344,61.18
7850,116.966140,33.522,29.83
7851,116.982814,16.674,59.97
7852,117.016202,33.388,29.95
7853,117.032983,16.781,59.59
7854,117.066070,33.087,30.22
7855,117.082651,16.581,60.31
7856,117.116001,33.350,29.98
7857,117.132727,16.726,59.79
7858,117.166647,33.920,29.48
7859,117.182469,15.821,63.21
7860,117.215668,33.199,30.12
7861,117.232543,16.875,59.26
7862,117.265825,33.281,30.05
7863,117.282508,16.684,59.94
7864,117.315902,33.394,29.95
7865,117.332874,16.971,58.92
7866,117.366013,33.139,30.18
7867,117.382566,16.553,60.41
7868,117.416039,33.473,29.88
7869,117.432145,16.106,62.09
7870,117.465046,32.901,30.39
7871,117.481479,16.434,60.85
7872,117.514760,33.280,30.05
7873,117.531911,17.152,58.30
7874,117.565120,33.208,30.11
7875,117.582198,17.078,58.55
7876,117.615892,33.693,29.68
7877,117.632203,16.311,61.31
7878,117.665349,33.146,30.17
7879,117.681948,16.599,60.24
7880,117.715521,33.573,29.79
7881,117.731938,16.416,60.91
7882,117.765281,33.343,29.99
7883,117.781899,16.618,60.18
7884,117.815758,33.860,29.53
7885,117.832112,16.353,61.15
7886,117.865778,33.667,29.70
7887,117.882416,16.638,60.10
7888,117.915884,33.467,29.88
7889,117.932806,16.923,59.09
7890,117.966005,33.198,30.12
7891,117.982726,16.721,59.80
7892,118.015723,32.997,30.31
7893,118.032310,16.587,60.29
7894,118.064980,32.671,30.61
7895,118.080815,15.835,63.15
7896,118.113730,32.914,30.38
7897,118.130938,17.209,58.11
7898,118.164750,33.811,29.58
7899,118.181655,16.905,59.16
7900,118.214661,33.006,30.30
7901,118.231128,16.468,60.73
7902,118.264407,33.279,30.05
7903,118.280655,16.248,61.55
7904,118.313752,33.097,30.21
7905,118.330513,16.761,59.66
7906,118.363461,32.948,30.35
7907,118.380394,16.933,59.06
7908,118.414494,34.100,29.33
7909,118.431344,16.850,59.35
7910,118.464785,33.442,29.90
7911,118.481410,16.624,60.15
7912,118.514510,33.101,30.21
7913,118.530882,16.371,61.08
7914,118.564118,33.236,30.09
7915,118.580964,16.847,59.36
7916,118.614227,33.263,30.06
7917,118.630473,16.246,61.55
7918,118.663988,33.515,29.84
7919,118.680766,16.778,59.60
7920,118.714214,33.448,29.90
7921,118.731234,17.020,58.75
7922,118.764517,33.283,30.05
7923,118.780864,16.347,61.17
7924,118.814078,33.213,30.11
7925,118.830518,16.440,60.83
7926,118.863945,33.427,29.92
7927,118.880751,16.806,59.50
7928,118.914531,33.780,29.60
7929,118.931242,16.711,59.84
7930,118.964598,33.356,29.98
7931,118.981471,16.873,59.27
7932,119.014782,33.311,30.02
7933,119.031515,16.733,59.76
7934,119.064653,33.138,30.18
7935,119.081001,16.348,61.17
7936,119.114815,33.814,29.57
7937,119.131368,16.553,60.41
7938,119.164945,33.578,29.78
7939,119.181610,16.664,60.01
7940,119.215287,33.677,29.69
7941,119.233083,17.796,56.19
7942,119.266783,33.700,29.67
7943,119.283340,16.557,60.40
7944,119.316728,33.388,29.95
7945,119.333467,16.739,59.74
7946,119.367079,33.612,29.75
7947,119.384123,17.044,58.67
7948,119.417518,33.395,29.94
7949,119.434411,16.892,59.20
7950,119.467702,33.291,30.04
7951,119.484072,16.370,61.09
7952,119.517410,33.338,30.00
7953,119.533451,16.041,62.34
7954,119.566538,33.087,30.22
7955,119.583240,16.702,59.87
7956,119.616719,33.480,29.87
7957,119.633056,16.337,61.21
7958,119.666887,33.830,29.56
7959,119.683831,16.944,59.02
7960,119.717431,33.601,29.76
7961,119.734130,16.698,59.89
7962,119.767156,33.027,30.28
7963,119.783660,16.503,60.59
7964,119.816906,33.246,30.08
7965,119.833173,16.268,61.47
7966,119.867369,34.196,29.24
7967,119.883843,16.474,60.70
7968,119.917058,33.214,30.11
